ticker,close,volume,sma20,sma50,vol_sma20,rsi,prev_high,passes,failed
360ONE.NS,1067.5,476796.0,1119.4837036132812,1082.5311694335937,684746.4,20.962738217242247,1095.0,False,"Volume ≤ Avg, RSI ≤ 50, Price ≤ 50MA, No Breakout"
3MINDIA.NS,35885.0,1844.0,32555.75,30892.0,20821.05,84.6517119244392,36435.0,False,"Volume ≤ Avg, No Breakout, Low Liquidity"
ABB.NS,4935.0,80317.0,5148.425,5193.229970703125,220804.25,26.54798761609908,4959.0,False,"Volume ≤ Avg, 20MA ≤ 50MA, RSI ≤ 50, Price ≤ 50MA, No Breakout, Low Liquidity"
ACC.NS,1840.4000244140625,69512.0,1849.945001220703,1851.89,272464.05,42.294431420055794,1861.0,False,"Volume ≤ Avg, 20MA ≤ 50MA, RSI ≤ 50, Price ≤ 50MA, No Breakout, Low Liquidity"
ACMESOLAR.NS,251.0500030517578,392844.0,272.60499877929686,284.1729992675781,1081145.4,20.273978100369078,255.0,False,"Volume ≤ Avg, 20MA ≤ 50MA, RSI ≤ 50, Price ≤ 50MA, No Breakout"
AIAENG.NS,3673.89990234375,42995.0,3389.2599975585936,3235.20798828125,89888.25,68.22689476712718,3719.39990234375,False,"Volume ≤ Avg, No Breakout, Low Liquidity"
APLAPOLLO.NS,1772.0,133441.0,1777.6449890136719,1733.5439916992189,587313.45,51.55860206788748,1802.5,False,"Volume ≤ Avg, No Breakout"
AUBANK.NS,889.2999877929688,974881.0,875.6024993896484,791.1210034179687,3022617.9,60.35477957839395,891.8499755859375,False,"Volume ≤ Avg, No Breakout"
AWL.NS,272.25,680924.0,269.9625,265.5979995727539,1971438.5,63.39465137584906,275.0,False,"Volume ≤ Avg, No Breakout"
AADHARHFC.NS,497.70001220703125,140922.0,506.5725036621094,513.6409997558594,308112.05,33.77402893889732,501.0,False,"Volume ≤ Avg, 20MA ≤ 50MA, RSI ≤ 50, Price ≤ 50MA, No Breakout, Low Liquidity"
AARTIIND.NS,391.54998779296875,241618.0,384.6399978637695,383.3519989013672,1454578.05,59.50339978219656,401.79998779296875,False,"Volume ≤ Avg, No Breakout"
AAVAS.NS,1697.300048828125,71786.0,1650.1600036621094,1638.6040087890624,178380.15,51.05947205789508,1771.9000244140625,False,"Volume ≤ Avg, No Breakout, Low Liquidity"
ABBOTINDIA.NS,29350.0,2722.0,29570.75,30046.3,7848.75,42.78350515463917,29655.0,False,"Volume ≤ Avg, 20MA ≤ 50MA, RSI ≤ 50, Price ≤ 50MA, No Breakout, Low Liquidity"
ACE.NS,983.0,126905.0,1069.8100006103516,1087.844002685547,141072.15,16.150691920559836,1007.9000244140625,False,"Volume ≤ Avg, 20MA ≤ 50MA, RSI ≤ 50, Price ≤ 50MA, No Breakout, Low Liquidity"
ADANIENSOL.NS,1024.25,1784013.0,966.9975067138672,907.4650048828125,1830940.85,69.52173884550791,1035.75,False,"Volume ≤ Avg, No Breakout"
ADANIENT.NS,2539.10009765625,2908914.0,2473.474987792969,2480.1139794921874,1381537.55,54.62723261015007,2525.0,False,20MA ≤ 50MA
ADANIGREEN.NS,1069.699951171875,2825644.0,1065.084994506836,1042.0339990234374,4597870.1,59.06271268715418,1088.0,False,"Volume ≤ Avg, No Breakout"
ADANIPORTS.NS,1509.5,1569415.0,1457.9000122070313,1426.08,2159086.1,77.93841547953079,1515.0,False,"Volume ≤ Avg, No Breakout"
ADANIPOWER.NS,153.88999938964844,22184495.0,159.24800033569335,149.09659957885742,46013043.55,28.658806295955884,154.1999969482422,False,"Volume ≤ Avg, RSI ≤ 50, No Breakout"
ATGL.NS,625.2999877929688,784773.0,622.7924957275391,627.5599963378907,1002158.1,54.53226494629443,628.5,False,"Volume ≤ Avg, 20MA ≤ 50MA, Price ≤ 50MA, No Breakout"
ABCAPITAL.NS,329.1000061035156,1111559.0,321.225,303.8630010986328,5696687.25,64.2358505173311,335.0,False,"Volume ≤ Avg, No Breakout"
ABFRL.NS,78.4800033569336,1212869.0,81.92399978637695,84.92479949951172,4131108.7,43.29517176759457,80.8499984741211,False,"Volume ≤ Avg, 20MA ≤ 50MA, RSI ≤ 50, Price ≤ 50MA, No Breakout"
ABLBL.NS,133.3800048828125,1263367.0,135.0185001373291,138.72420059204103,1095695.9,36.4222554612281,131.1999969482422,False,"20MA ≤ 50MA, RSI ≤ 50, Price ≤ 50MA"
ABREL.NS,1755.0,36487.0,1762.3349914550781,1751.7139868164063,202241.3,49.97966322903227,1817.5999755859375,False,"Volume ≤ Avg, RSI ≤ 50, No Breakout, Low Liquidity"
ABSLAMC.NS,732.9500122070312,125191.0,789.8999969482422,811.7079992675781,213288.2,21.53079765706339,757.4500122070312,False,"Volume ≤ Avg, 20MA ≤ 50MA, RSI ≤ 50, Price ≤ 50MA, No Breakout, Low Liquidity"
AEGISLOG.NS,790.9000244140625,330721.0,785.5574920654296,776.1619970703125,515947.95,52.52281306605976,807.9500122070312,False,"Volume ≤ Avg, No Breakout"
AEGISVOPAK.NS,267.3500061035156,101479.0,274.96749725341795,264.0991995239258,469817.15,35.943089678121424,274.0,False,"Volume ≤ Avg, RSI ≤ 50, No Breakout, Low Liquidity"
AFCONS.NS,406.79998779296875,602758.0,439.5949981689453,447.1859991455078,559394.6,27.80747484951324,417.75,False,"20MA ≤ 50MA, RSI ≤ 50, Price ≤ 50MA, No Breakout"
AFFLE.NS,1729.5999755859375,87686.0,1843.3900024414063,1940.0019921875,185300.65,20.423430188897242,1785.800048828125,False,"Volume ≤ Avg, 20MA ≤ 50MA, RSI ≤ 50, Price ≤ 50MA, No Breakout, Low Liquidity"
AJANTPHARM.NS,2510.0,107218.0,2467.6220947265624,2470.5503515625,97085.75,62.57487448379941,2572.0,False,"20MA ≤ 50MA, No Breakout, Low Liquidity"
AKUMS.NS,422.79998779296875,663697.0,458.59749908447264,459.33300048828124,156616.85,33.27793595136255,458.1000061035156,False,"20MA ≤ 50MA, RSI ≤ 50, Price ≤ 50MA, No Breakout, Low Liquidity"
AKZOINDIA.NS,3355.0,7432.0,3303.7800048828126,3340.5220166015624,29420.55,60.1880764328374,3355.0,False,"Volume ≤ Avg, 20MA ≤ 50MA, No Breakout, Low Liquidity"
APLLTD.NS,903.6500244140625,16903.0,921.5475036621094,929.9650024414062,155257.85,46.49423656447356,930.0,False,"Volume ≤ Avg, 20MA ≤ 50MA, RSI ≤ 50, Price ≤ 50MA, No Breakout, Low Liquidity"
ALKEM.NS,5707.0,234069.0,5604.175,5516.58,142558.25,71.53488372093022,5868.0,False,"No Breakout, Low Liquidity"
ALKYLAMINE.NS,1771.9000244140625,10585.0,1851.7600036621093,1929.7760034179687,25539.6,34.45902952170795,1806.4000244140625,False,"Volume ≤ Avg, 20MA ≤ 50MA, RSI ≤ 50, Price ≤ 50MA, No Breakout, Low Liquidity"
ALOKINDS.NS,17.280000686645508,1738719.0,17.353499984741212,17.737399978637697,3436117.25,43.103453945745784,17.469999313354492,False,"Price ≤ 50, Volume ≤ Avg, 20MA ≤ 50MA, RSI ≤ 50, Price ≤ 50MA, No Breakout"
ARE&M.NS,964.0,227377.0,984.9683197021484,997.1737829589844,332216.45,36.458844507499386,974.0,False,"Volume ≤ Avg, 20MA ≤ 50MA, RSI ≤ 50, Price ≤ 50MA, No Breakout, Low Liquidity"
AMBER.NS,7355.5,281824.0,7862.675,8032.6,397484.95,23.75263527758257,7215.0,False,"Volume ≤ Avg, 20MA ≤ 50MA, RSI ≤ 50, Price ≤ 50MA, Low Liquidity"
AMBUJACEM.NS,563.1500244140625,737209.0,563.2025024414063,568.2560021972656,1732556.05,51.915473107425164,566.2000122070312,False,"Volume ≤ Avg, 20MA ≤ 50MA, Price ≤ 50MA, No Breakout"
ANANDRATHI.NS,3038.0,60730.0,3122.234997558594,3025.4184033203123,187482.0,27.414741564491862,3095.89990234375,False,"Volume ≤ Avg, RSI ≤ 50, No Breakout, Low Liquidity"
ANANTRAJ.NS,616.7000122070312,1193133.0,630.1775024414062,633.5709997558594,2458806.35,42.4745774458645,624.4000244140625,False,"Volume ≤ Avg, 20MA ≤ 50MA, RSI ≤ 50, Price ≤ 50MA, No Breakout"
ANGELONE.NS,2723.800048828125,359610.0,2560.97998046875,2382.0899951171873,782480.6,64.8763538678723,2768.300048828125,False,"Volume ≤ Avg, No Breakout"
APARINDS.NS,9082.0,60247.0,8717.375,8566.09,132860.8,51.62674293886307,9043.5,False,"Volume ≤ Avg, Low Liquidity"
APOLLOHOSP.NS,7403.5,127690.0,7751.35,7733.48,328308.25,22.340425531914903,7509.0,False,"Volume ≤ Avg, RSI ≤ 50, Price ≤ 50MA, No Breakout, Low Liquidity"
APOLLOTYRE.NS,524.5,897200.0,512.7975006103516,494.2229998779297,1204758.75,60.49862882146275,539.25,False,"Volume ≤ Avg, No Breakout"
APTUS.NS,290.04998779296875,724258.0,301.3473754882813,313.7941229248047,1466025.8,30.913659259515853,289.3500061035156,False,"Volume ≤ Avg, 20MA ≤ 50MA, RSI ≤ 50, Price ≤ 50MA"
ASAHIINDIA.NS,968.6500244140625,72283.0,942.9825042724609,903.7690014648438,237236.1,56.4993270395604,985.5999755859375,False,"Volume ≤ Avg, No Breakout, Low Liquidity"
ASHOKLEY.NS,148.3699951171875,14667356.0,140.81650009155274,138.94319885253907,14029286.45,65.29125644270239,151.4600067138672,False,No Breakout
ASIANPAINT.NS,2899.89990234375,1656246.0,2584.6249877929686,2493.4,1421105.6,87.591251774223,2897.10009765625,True,All Pass
ASTERDM.NS,677.3499755859375,115870.0,693.5275024414062,667.3759985351562,486027.25,36.073364945574205,683.25,False,"Volume ≤ Avg, RSI ≤ 50, No Breakout, Low Liquidity"
ASTRAZEN.NS,9185.0,1663.0,9305.325,9173.55,12495.45,46.282821891806385,9390.0,False,"Volume ≤ Avg, RSI ≤ 50, No Breakout, Low Liquidity"
ASTRAL.NS,1513.5,415485.0,1488.9266296386718,1450.7479638671875,751693.15,62.47219129712288,1593.5,False,"Volume ≤ Avg, No Breakout"
ATHERENERG.NS,651.0999755859375,4642868.0,685.7975006103516,621.4179986572266,5351403.1,32.96500750606356,659.9000244140625,False,"Volume ≤ Avg, RSI ≤ 50, No Breakout"
ATUL.NS,5942.0,12170.0,5863.95,6065.4,35576.65,53.92341494036409,5940.0,False,"Volume ≤ Avg, 20MA ≤ 50MA, Price ≤ 50MA, Low Liquidity"
AUROPHARMA.NS,1215.199951171875,1364975.0,1134.2699890136719,1109.6280004882813,1353574.6,78.89691633050941,1222.9000244140625,False,No Breakout
AIIL.NS,2811.699951171875,18469.0,2949.125,3067.686005859375,66901.1,29.428209599639857,2879.0,False,"Volume ≤ Avg, 20MA ≤ 50MA, RSI ≤ 50, Price ≤ 50MA, No Breakout, Low Liquidity"
DMART.NS,4035.89990234375,227844.0,4160.929956054688,4383.58796875,304545.5,24.07751612686198,4090.0,False,"Volume ≤ Avg, 20MA ≤ 50MA, RSI ≤ 50, Price ≤ 50MA, No Breakout, Low Liquidity"
AXISBANK.NS,1238.699951171875,2395242.0,1232.4,1176.0920043945312,5059190.2,39.18535015576003,1234.800048828125,False,"Volume ≤ Avg, RSI ≤ 50"
BASF.NS,4491.39990234375,7963.0,4465.944995117187,4546.133994140625,9280.5,59.47884555765485,4560.0,False,"Volume ≤ Avg, 20MA ≤ 50MA, Price ≤ 50MA, No Breakout, Low Liquidity"
BEML.NS,2007.0,307710.0,2122.5449829101562,2132.387724609375,476789.95,26.528029769641833,2026.800048828125,False,"Volume ≤ Avg, 20MA ≤ 50MA, RSI ≤ 50, Price ≤ 50MA, No Breakout, Low Liquidity"
BLS.NS,328.95001220703125,2623206.0,319.4250030517578,335.16194702148437,5515829.75,57.62621193417121,343.25,False,"Volume ≤ Avg, 20MA ≤ 50MA, Price ≤ 50MA, No Breakout"
BSE.NS,2801.800048828125,3932467.0,2550.560021972656,2358.9919970703127,5164328.5,68.14335877426596,2833.0,False,"Volume ≤ Avg, No Breakout"
BAJAJ-AUTO.NS,8821.0,412449.0,8930.45,8957.06,336516.25,29.91953182150695,8895.5,False,"20MA ≤ 50MA, RSI ≤ 50, Price ≤ 50MA, No Breakout, Low Liquidity"
BAJFINANCE.NS,1012.0,2090621.0,1056.1550048828126,1022.8830029296874,6942954.5,33.25622533678052,1019.4000244140625,False,"Volume ≤ Avg, RSI ≤ 50, Price ≤ 50MA, No Breakout"
BAJAJFINSV.NS,2054.800048828125,884425.0,2101.325018310547,2064.028005371094,1095231.35,33.936537022449116,2072.39990234375,False,"Volume ≤ Avg, RSI ≤ 50, Price ≤ 50MA, No Breakout"
BAJAJHLDNG.NS,12623.0,124645.0,12539.4,12625.85013671875,86605.45,45.63260984647962,12133.0,False,"20MA ≤ 50MA, RSI ≤ 50, Price ≤ 50MA, Low Liquidity"
BAJAJHFL.NS,107.5999984741211,1705340.0,109.35400009155273,110.78220001220703,3184071.85,33.130694506605565,108.44999694824219,False,"Volume ≤ Avg, 20MA ≤ 50MA, RSI ≤ 50, Price ≤ 50MA, No Breakout"
BALKRISIND.NS,2330.0,22334.0,2323.357873535156,2338.9223291015624,133067.5,51.15499511115484,2395.0,False,"Volume ≤ Avg, 20MA ≤ 50MA, Price ≤ 50MA, No Breakout, Low Liquidity"
BALRAMCHIN.NS,467.0,617733.0,459.45500030517576,479.5280010986328,437526.2,51.70603380215054,459.75,False,"20MA ≤ 50MA, Price ≤ 50MA, Low Liquidity"
BANDHANBNK.NS,154.0399932861328,3030198.0,161.31600036621094,162.59720001220703,10859029.55,26.696046312056396,156.07000732421875,False,"Volume ≤ Avg, 20MA ≤ 50MA, RSI ≤ 50, Price ≤ 50MA, No Breakout"
BANKBARODA.NS,284.6000061035156,3906067.0,279.24000396728513,262.93160247802734,10348857.1,63.46864161198781,287.20001220703125,False,"Volume ≤ Avg, No Breakout"
BANKINDIA.NS,145.75,2660427.0,139.6270004272461,128.29519973754884,13899821.6,65.51896641896666,147.13999938964844,False,"Volume ≤ Avg, No Breakout"
MAHABANK.NS,57.77000045776367,9397914.0,58.63799934387207,56.91139976501465,17406300.1,45.81465305502201,57.66999816894531,False,"Volume ≤ Avg, RSI ≤ 50"
BATAINDIA.NS,1029.199951171875,110632.0,1092.2449951171875,1161.6919897460937,241563.35,12.070895371063813,1060.0,False,"Volume ≤ Avg, 20MA ≤ 50MA, RSI ≤ 50, Price ≤ 50MA, No Breakout, Low Liquidity"
BAYERCROP.NS,4505.10009765625,23029.0,4721.297534179687,4868.83484375,31234.6,24.996029963953788,4476.298577307848,False,"Volume ≤ Avg, 20MA ≤ 50MA, RSI ≤ 50, Price ≤ 50MA, Low Liquidity"
BERGEPAINT.NS,577.0499877929688,157726.0,545.9150024414063,538.4459997558594,424903.65,72.53296893845696,582.0,False,"Volume ≤ Avg, No Breakout, Low Liquidity"
BDL.NS,1617.800048828125,7806836.0,1520.0900024414063,1526.796923828125,1441026.55,60.81664908345008,1544.9000244140625,False,20MA ≤ 50MA
BEL.NS,423.5,7145745.0,417.3724960327148,406.99199768066404,15190118.2,55.65335505308653,425.20001220703125,False,"Volume ≤ Avg, No Breakout"
BHARATFORG.NS,1374.4000244140625,939528.0,1320.0249877929687,1259.7479907226561,1080267.2,69.66596379717896,1410.9000244140625,False,"Volume ≤ Avg, No Breakout"
BHEL.NS,282.75,8864767.0,257.22599868774415,242.59159912109374,13935209.3,82.12029344189874,289.5,False,"Volume ≤ Avg, No Breakout"
BPCL.NS,369.79998779296875,4276153.0,351.41943817138673,334.2027557373047,8915504.6,75.96970349408006,378.75,False,"Volume ≤ Avg, No Breakout"
BHARTIARTL.NS,2085.800048828125,3376225.0,2062.3050231933594,1978.3400048828125,9436079.6,50.853029832477766,2107.0,False,"Volume ≤ Avg, No Breakout"
BHARTIHEXA.NS,1785.0,53729.0,1819.2850036621094,1760.1500024414063,229447.75,49.687652972906065,1835.0,False,"Volume ≤ Avg, RSI ≤ 50, No Breakout, Low Liquidity"
BIKAJI.NS,714.4500122070312,367809.0,726.1049987792969,745.0630004882812,149984.05,40.07515314210762,725.0,False,"20MA ≤ 50MA, RSI ≤ 50, Price ≤ 50MA, No Breakout, Low Liquidity"
BIOCON.NS,413.5,2360088.0,378.2175003051758,364.78100158691404,3623478.9,83.72534731437636,423.1000061035156,False,"Volume ≤ Avg, No Breakout"
BSOFT.NS,386.70001220703125,629564.0,371.7206314086914,366.16521118164064,3215976.45,51.95213027310844,405.4235917763952,False,"Volume ≤ Avg, No Breakout"
BLUEDART.NS,6002.5,20716.0,6004.325,5810.13,425006.5,60.47459252157238,6235.0,False,"Volume ≤ Avg, No Breakout, Low Liquidity"
BLUEJET.NS,575.25,291187.0,622.8075012207031,657.443447265625,585737.05,36.52076962091356,589.2000122070312,False,"Volume ≤ Avg, 20MA ≤ 50MA, RSI ≤ 50, Price ≤ 50MA, No Breakout"
BLUESTARCO.NS,1772.5,294172.0,1896.8549926757812,1908.3279956054687,410593.75,16.747374671964366,1807.0,False,"Volume ≤ Avg, 20MA ≤ 50MA, RSI ≤ 50, Price ≤ 50MA, No Breakout, Low Liquidity"
BBTC.NS,1852.4000244140625,135083.0,1973.240008544922,1915.5180053710938,237078.8,15.875983471029159,1902.5,False,"Volume ≤ Avg, RSI ≤ 50, Price ≤ 50MA, No Breakout, Low Liquidity"
BOSCHLTD.NS,36825.0,15562.0,37834.75,38768.5,22804.15,36.80659670164918,37650.0,False,"Volume ≤ Avg, 20MA ≤ 50MA, RSI ≤ 50, Price ≤ 50MA, No Breakout, Low Liquidity"
FIRSTCRY.NS,333.5,982652.0,350.1624984741211,367.8200018310547,564816.7,23.67424789758114,345.45001220703125,False,"20MA ≤ 50MA, RSI ≤ 50, Price ≤ 50MA, No Breakout"
BRIGADE.NS,947.7999877929688,103953.0,997.5799987792968,954.0419970703125,323103.0,20.873348691370083,965.7999877929688,False,"Volume ≤ Avg, RSI ≤ 50, Price ≤ 50MA, No Breakout, Low Liquidity"
BRITANNIA.NS,5798.0,249461.0,5953.025,5992.94,427934.85,42.8927680798005,5918.0,False,"Volume ≤ Avg, 20MA ≤ 50MA, RSI ≤ 50, Price ≤ 50MA, No Breakout, Low Liquidity"
MAPMYINDIA.NS,1692.0,27971.0,1792.690008544922,1725.5500073242188,86613.7,34.08388387487335,1737.699951171875,False,"Volume ≤ Avg, RSI ≤ 50, Price ≤ 50MA, No Breakout, Low Liquidity"
CCL.NS,1048.199951171875,829830.0,919.9999969482421,893.8799963378906,1058404.1,81.26979463922467,1062.0,False,"Volume ≤ Avg, No Breakout"
CESC.NS,173.5399932861328,824913.0,176.14046936035157,166.23716369628906,2689491.2,34.726060342452016,173.6999969482422,False,"Volume ≤ Avg, RSI ≤ 50, No Breakout"
CGPOWER.NS,742.7000122070312,1253517.0,738.4849975585937,751.245,2328299.2,57.243844560715736,749.4500122070312,False,"Volume ≤ Avg, 20MA ≤ 50MA, Price ≤ 50MA, No Breakout"
CRISIL.NS,4642.0,27011.0,4825.2275390625,4809.536953125,38743.35,23.902557872589455,4705.0,False,"Volume ≤ Avg, RSI ≤ 50, Price ≤ 50MA, No Breakout, Low Liquidity"
CAMPUS.NS,267.54998779296875,105576.0,278.0499969482422,276.40203857421875,276448.35,30.71719175604447,279.5,False,"Volume ≤ Avg, RSI ≤ 50, Price ≤ 50MA, No Breakout, Low Liquidity"
CANFINHOME.NS,888.9000244140625,202646.0,863.6599945068359,809.188994140625,318639.15,63.3333186260884,884.7000122070312,False,"Volume ≤ Avg, Low Liquidity"
CANBK.NS,145.5,17006357.0,135.15200080871583,125.62700103759765,33566937.15,90.74165779292096,145.0,False,Volume ≤ Avg
CAPLIPOINT.NS,1920.0,45552.0,1989.184991455078,2076.970925292969,54682.2,24.29110821266198,1977.699951171875,False,"Volume ≤ Avg, 20MA ≤ 50MA, RSI ≤ 50, Price ≤ 50MA, No Breakout, Low Liquidity"
CGCL.NS,198.39999389648438,299019.0,199.79950103759765,192.98161560058594,2853144.5,40.22661267010134,200.97000122070312,False,"Volume ≤ Avg, RSI ≤ 50, No Breakout"
CARBORUNIV.NS,885.4000244140625,28342.0,904.1200012207031,930.8859997558594,77093.15,46.432867044074456,900.0,False,"Volume ≤ Avg, 20MA ≤ 50MA, RSI ≤ 50, Price ≤ 50MA, No Breakout, Low Liquidity"
CASTROLIND.NS,192.19000244140625,468808.0,195.33000259399415,198.4016000366211,1081944.35,31.86019920928247,194.83999633789062,False,"Volume ≤ Avg, 20MA ≤ 50MA, RSI ≤ 50, Price ≤ 50MA, No Breakout"
CEATLTD.NS,3979.39990234375,83975.0,4062.1349975585936,3690.15,545172.6,43.83213114322438,4148.2998046875,False,"Volume ≤ Avg, RSI ≤ 50, No Breakout"
CENTRALBK.NS,37.7400016784668,3517764.0,38.82502994537354,37.68163352966309,10962971.0,34.76398011774799,37.970001220703125,False,"Price ≤ 50, Volume ≤ Avg, RSI ≤ 50, No Breakout"
CDSL.NS,1619.5999755859375,1169068.0,1598.4200134277344,1566.2680126953126,1870820.0,46.91718152744976,1665.0,False,"Volume ≤ Avg, RSI ≤ 50, No Breakout"
CENTURYPLY.NS,784.9500122070312,51353.0,755.5075012207031,779.6016101074218,100807.35,69.61113927314602,807.6500244140625,False,"Volume ≤ Avg, 20MA ≤ 50MA, No Breakout, Low Liquidity"
CERA.NS,5610.0,69572.0,6028.575,6134.99,16111.9,31.42994241842611,5791.5,False,"20MA ≤ 50MA, RSI ≤ 50, Price ≤ 50MA, No Breakout, Low Liquidity"
CHALET.NS,884.6500244140625,75323.0,934.8597381591796,969.2344116210937,169956.6,33.696280095696864,908.2999877929688,False,"Volume ≤ Avg, 20MA ≤ 50MA, RSI ≤ 50, Price ≤ 50MA, No Breakout, Low Liquidity"
CHAMBLFERT.NS,462.70001220703125,771204.0,476.7481201171875,502.59916748046874,862477.75,34.82106598550662,472.1499938964844,False,"Volume ≤ Avg, 20MA ≤ 50MA, RSI ≤ 50, Price ≤ 50MA, No Breakout"
CHENNPETRO.NS,1030.1500244140625,964088.0,906.397494506836,815.6859985351563,7449187.0,79.86462741798277,1051.75,False,"Volume ≤ Avg, No Breakout"
CHOICEIN.NS,781.5499877929688,149078.0,808.4424896240234,805.6039929199219,352360.55,39.307148076645504,794.9500122070312,False,"Volume ≤ Avg, RSI ≤ 50, Price ≤ 50MA, No Breakout, Low Liquidity"
CHOLAHLDNG.NS,1948.300048828125,24572.0,1930.7,1893.6339990234376,210794.55,42.777041802368785,1980.0,False,"Volume ≤ Avg, RSI ≤ 50, No Breakout, Low Liquidity"
CHOLAFIN.NS,1711.9000244140625,493097.0,1711.29501953125,1635.0920068359376,1371187.15,46.14806605097867,1719.5,False,"Volume ≤ Avg, RSI ≤ 50, No Breakout"
CIPLA.NS,1528.199951171875,416340.0,1550.4700012207031,1544.6360009765624,1597783.6,32.069376169906974,1534.9000244140625,False,"Volume ≤ Avg, RSI ≤ 50, Price ≤ 50MA, No Breakout"
CUB.NS,266.4700012207031,3615460.0,242.6544982910156,222.6757992553711,4654449.2,70.4796671982549,264.0,False,Volume ≤ Avg
CLEAN.NS,920.2000122070312,342612.0,1000.1700012207032,1071.7839916992189,350892.9,15.165124394473295,952.5,False,"Volume ≤ Avg, 20MA ≤ 50MA, RSI ≤ 50, Price ≤ 50MA, No Breakout, Low Liquidity"
COALINDIA.NS,384.70001220703125,2201565.0,380.08856201171875,379.49055419921876,6956741.4,48.262948542885304,387.3999938964844,False,"Volume ≤ Avg, RSI ≤ 50, No Breakout"
COCHINSHIP.NS,1722.199951171875,1275227.0,1775.304998779297,1788.8520556640624,928463.95,34.76367465210325,1744.4000244140625,False,"20MA ≤ 50MA, RSI ≤ 50, Price ≤ 50MA, No Breakout"
COFORGE.NS,1775.4000244140625,865009.0,1776.3815673828126,1726.3459350585938,1517466.3,40.86957734411397,1830.0,False,"Volume ≤ Avg, RSI ≤ 50, No Breakout"
COHANCE.NS,620.25,1422016.0,780.4650024414062,861.6650036621094,1146274.5,3.36792251147034,676.5499877929688,False,"20MA ≤ 50MA, RSI ≤ 50, Price ≤ 50MA, No Breakout"
COLPAL.NS,2167.10009765625,59502.0,2204.7503295898437,2247.163916015625,465989.75,41.80945618526201,2186.0,False,"Volume ≤ Avg, 20MA ≤ 50MA, RSI ≤ 50, Price ≤ 50MA, No Breakout, Low Liquidity"
CAMS.NS,3932.60009765625,172675.0,3862.4126708984377,3855.8596630859374,359421.7,48.78061721046602,3970.0,False,"Volume ≤ Avg, RSI ≤ 50, No Breakout, Low Liquidity"
CONCORDBIO.NS,1481.699951171875,116282.0,1462.9649963378906,1553.299990234375,85711.75,54.72441853088577,1494.0,False,"20MA ≤ 50MA, Price ≤ 50MA, No Breakout, Low Liquidity"
CONCOR.NS,517.2999877929688,964401.0,534.5749969482422,537.7649987792969,1419931.85,35.65749559688605,534.8499755859375,False,"Volume ≤ Avg, 20MA ≤ 50MA, RSI ≤ 50, Price ≤ 50MA, No Breakout"
COROMANDEL.NS,2204.5,163188.0,2179.435021972656,2218.5139990234375,392238.2,42.89241373490054,2234.0,False,"Volume ≤ Avg, 20MA ≤ 50MA, RSI ≤ 50, Price ≤ 50MA, No Breakout, Low Liquidity"
CRAFTSMAN.NS,6723.0,19721.0,6733.075,6724.03,55007.9,59.12683477606323,7090.5,False,"Volume ≤ Avg, Price ≤ 50MA, No Breakout, Low Liquidity"
CREDITACC.NS,1362.4000244140625,549358.0,1379.4400024414062,1369.3399975585937,690333.5,36.6097690162416,1379.9000244140625,False,"Volume ≤ Avg, RSI ≤ 50, Price ≤ 50MA, No Breakout"
CROMPTON.NS,275.0,2511708.0,284.53999786376954,295.3990002441406,3069604.6,23.40089429562792,282.70001220703125,False,"Volume ≤ Avg, 20MA ≤ 50MA, RSI ≤ 50, Price ≤ 50MA, No Breakout"
CUMMINSIND.NS,4289.7998046875,388690.0,4267.930004882813,4098.539995117188,567554.0,47.97157040123124,4450.0,False,"Volume ≤ Avg, RSI ≤ 50, No Breakout"
CYIENT.NS,1129.699951171875,138029.0,1164.5765502929687,1169.0309008789063,440990.45,29.037440311246456,1181.5999755859375,False,"Volume ≤ Avg, 20MA ≤ 50MA, RSI ≤ 50, Price ≤ 50MA, No Breakout, Low Liquidity"
DCMSHRIRAM.NS,1237.699951171875,19904.0,1253.0457641601563,1227.4439477539063,219952.35,53.50461733014497,1244.4000244140625,False,"Volume ≤ Avg, No Breakout, Low Liquidity"
DLF.NS,760.2999877929688,809512.0,769.0599975585938,756.9470007324219,2058592.2,39.496720865923784,773.9000244140625,False,"Volume ≤ Avg, RSI ≤ 50, No Breakout"
DOMS.NS,2599.5,63079.0,2528.039990234375,2552.8117578125,38347.35,59.218509279311384,2550.0,False,"20MA ≤ 50MA, Low Liquidity"
DABUR.NS,523.0999755859375,1105083.0,509.6087936401367,511.2189337158203,2501911.45,62.001552519673666,528.5999755859375,False,"Volume ≤ Avg, 20MA ≤ 50MA, No Breakout"
DALBHARAT.NS,2029.199951171875,61071.0,2102.0904296875,2233.4666748046875,308999.05,33.039247952033605,2068.39990234375,False,"Volume ≤ Avg, 20MA ≤ 50MA, RSI ≤ 50, Price ≤ 50MA, No Breakout, Low Liquidity"
DATAPATTNS.NS,3093.0,2091749.0,2774.144982910156,2733.4619873046877,655123.55,70.3309991271775,3044.5,True,All Pass
DEEPAKFERT.NS,1415.199951171875,89547.0,1449.054998779297,1465.1719970703125,291115.15,43.043876522506245,1433.9000244140625,False,"Volume ≤ Avg, 20MA ≤ 50MA, RSI ≤ 50, Price ≤ 50MA, No Breakout, Low Liquidity"
DEEPAKNTR.NS,1735.4000244140625,83095.0,1743.0599975585938,1774.8420092773438,89908.15,44.06129237820742,1729.9000244140625,False,"Volume ≤ Avg, 20MA ≤ 50MA, RSI ≤ 50, Price ≤ 50MA, Low Liquidity"
DELHIVERY.NS,435.5,1089694.0,460.24499969482423,462.1129992675781,4115196.1,33.624454148471614,441.8999938964844,False,"Volume ≤ Avg, 20MA ≤ 50MA, RSI ≤ 50, Price ≤ 50MA, No Breakout"
DEVYANI.NS,137.0,2686271.0,157.23700027465821,167.1931997680664,2279998.1,15.842110145123073,144.44000244140625,False,"20MA ≤ 50MA, RSI ≤ 50, Price ≤ 50MA, No Breakout"
DIVISLAB.NS,6518.5,96683.0,6631.025,6300.24,395824.8,51.32127955493741,6645.0,False,"Volume ≤ Avg, No Breakout, Low Liquidity"
DIXON.NS,15392.0,185874.0,15471.45,16701.781171875,265926.7,46.758462421113016,15579.0,False,"Volume ≤ Avg, 20MA ≤ 50MA, RSI ≤ 50, Price ≤ 50MA, No Breakout, Low Liquidity"
AGARWALEYE.NS,526.25,62542.0,519.1949935913086,491.63399780273437,185650.2,53.83740708535135,529.7000122070312,False,"Volume ≤ Avg, No Breakout, Low Liquidity"
LALPATHLAB.NS,3157.5,40149.0,3113.2851440429686,3174.4692431640624,123873.9,52.06225481977794,3175.0,False,"Volume ≤ Avg, 20MA ≤ 50MA, Price ≤ 50MA, No Breakout, Low Liquidity"
DRREDDY.NS,1244.4000244140625,450591.0,1236.9849975585937,1257.9079931640624,1926136.15,37.55459080597542,1242.4000244140625,False,"Volume ≤ Avg, 20MA ≤ 50MA, RSI ≤ 50, Price ≤ 50MA"
EIDPARRY.NS,1027.800048828125,86636.0,1046.5300018310547,1054.8920068359375,213719.2,37.03456067519644,1073.0,False,"Volume ≤ Avg, 20MA ≤ 50MA, RSI ≤ 50, Price ≤ 50MA, No Breakout, Low Liquidity"
EIHOTEL.NS,377.25,86056.0,388.29249572753906,389.6829992675781,176079.1,43.4821537562779,380.04998779296875,False,"Volume ≤ Avg, 20MA ≤ 50MA, RSI ≤ 50, Price ≤ 50MA, No Breakout, Low Liquidity"
EICHERMOT.NS,6688.0,562159.0,6914.675,6903.84,395241.6,37.34800231615518,6946.5,False,"RSI ≤ 50, Price ≤ 50MA, No Breakout, Low Liquidity"
ELECON.NS,535.6500244140625,217217.0,549.4275024414062,570.3974169921875,272451.8,40.34015803698958,542.5999755859375,False,"Volume ≤ Avg, 20MA ≤ 50MA, RSI ≤ 50, Price ≤ 50MA, No Breakout, Low Liquidity"
ELGIEQUIP.NS,501.3500061035156,126832.0,486.7099975585937,484.08100036621096,340640.35,57.40121849565703,507.8999938964844,False,"Volume ≤ Avg, No Breakout, Low Liquidity"
EMAMILTD.NS,515.0499877929688,249851.0,531.3671401977539,552.6237896728516,361388.4,31.560471818348702,526.2379427880159,False,"Volume ≤ Avg, 20MA ≤ 50MA, RSI ≤ 50, Price ≤ 50MA, No Breakout, Low Liquidity"
EMCURE.NS,1369.4000244140625,101884.0,1356.0100036621093,1354.3300048828125,183070.35,47.598525384279164,1408.0,False,"Volume ≤ Avg, RSI ≤ 50, No Breakout, Low Liquidity"
ENDURANCE.NS,2680.0,124165.0,2867.1949951171873,2872.2139892578125,124422.6,32.04213078675103,2934.39990234375,False,"Volume ≤ Avg, 20MA ≤ 50MA, RSI ≤ 50, Price ≤ 50MA, No Breakout, Low Liquidity"
ENGINERSIN.NS,193.42999267578125,918337.0,197.78150024414063,200.62059997558595,1273676.4,38.600239980712,194.75,False,"Volume ≤ Avg, 20MA ≤ 50MA, RSI ≤ 50, Price ≤ 50MA, No Breakout"
ERIS.NS,1540.0999755859375,41985.0,1592.7449951171875,1619.7819970703124,82129.55,25.813506130795233,1593.0999755859375,False,"Volume ≤ Avg, 20MA ≤ 50MA, RSI ≤ 50, Price ≤ 50MA, No Breakout, Low Liquidity"
ESCORTS.NS,3536.0,36155.0,3686.52998046875,3661.7739990234377,79467.1,41.4479109922302,3644.60009765625,False,"Volume ≤ Avg, RSI ≤ 50, Price ≤ 50MA, No Breakout, Low Liquidity"
ETERNAL.NS,300.70001220703125,16587376.0,321.49500274658203,328.5960009765625,37638531.2,32.28454737759675,309.3500061035156,False,"Volume ≤ Avg, 20MA ≤ 50MA, RSI ≤ 50, Price ≤ 50MA, No Breakout"
EXIDEIND.NS,378.6499938964844,1266889.0,384.24750366210935,397.0760009765625,1898694.2,47.2916250758172,381.8999938964844,False,"Volume ≤ Avg, 20MA ≤ 50MA, RSI ≤ 50, Price ≤ 50MA, No Breakout"
NYKAA.NS,258.5199890136719,7522342.0,254.6714988708496,249.4539993286133,6029343.7,53.844394283712965,261.20001220703125,False,No Breakout
FEDERALBNK.NS,235.5,2250142.0,233.47850036621094,212.31400024414063,11557295.75,53.735938933682135,238.66000366210938,False,"Volume ≤ Avg, No Breakout"
FACT.NS,907.4500122070312,165539.0,894.5774993896484,925.9873767089844,174552.0,60.174686842721,909.9500122070312,False,"Volume ≤ Avg, 20MA ≤ 50MA, Price ≤ 50MA, No Breakout, Low Liquidity"
FINCABLES.NS,782.4000244140625,143496.0,787.0200073242188,809.8430004882813,311026.5,44.660195743800585,801.7999877929688,False,"Volume ≤ Avg, 20MA ≤ 50MA, RSI ≤ 50, Price ≤ 50MA, No Breakout, Low Liquidity"
FINPIPE.NS,186.08999633789062,445778.0,188.50899963378907,199.09339935302734,495700.9,40.37647920496323,187.6999969482422,False,"Volume ≤ Avg, 20MA ≤ 50MA, RSI ≤ 50, Price ≤ 50MA, No Breakout, Low Liquidity"
FSL.NS,362.6000061035156,191048.0,345.7725006103516,346.1270007324219,1829015.95,57.87808232550362,370.0,False,"Volume ≤ Avg, 20MA ≤ 50MA, No Breakout"
FIVESTAR.NS,651.0,641010.0,601.6024963378907,558.9049987792969,4320490.95,73.90625476837158,646.9000244140625,False,Volume ≤ Avg
FORCEMOT.NS,17546.0,45779.0,17436.4,17443.771953125,84404.9,63.83351588170866,17625.0,False,"Volume ≤ Avg, 20MA ≤ 50MA, No Breakout, Low Liquidity"
FORTIS.NS,931.5,2537263.0,1026.375,1007.4380041503906,2245865.25,13.417898499666137,977.9000244140625,False,"RSI ≤ 50, Price ≤ 50MA, No Breakout"
GAIL.NS,182.92999267578125,3796776.0,181.1959991455078,178.92619934082032,7980386.8,56.62186413388482,185.3699951171875,False,"Volume ≤ Avg, No Breakout"
GVT&D.NS,3051.10009765625,191020.0,3031.980017089844,2980.675986328125,524922.6,63.62559066531847,3181.800048828125,False,"Volume ≤ Avg, No Breakout"
GMRAIRPORT.NS,95.19000244140625,23725263.0,93.86600036621094,90.97899948120117,12525943.8,69.87444003447578,96.19999694824219,False,No Breakout
GRSE.NS,2876.199951171875,2760795.0,2629.2381225585937,2594.937255859375,1141853.65,78.54351484724876,2864.60009765625,True,All Pass
GICRE.NS,393.25,1101484.0,383.2174987792969,375.6189990234375,467381.4,57.40364973444096,393.5,False,"No Breakout, Low Liquidity"
GILLETTE.NS,8514.5,11826.0,8896.025,9439.86,33108.4,24.862313139260422,8519.5,False,"Volume ≤ Avg, 20MA ≤ 50MA, RSI ≤ 50, Price ≤ 50MA, No Breakout, Low Liquidity"
GLAND.NS,1813.9000244140625,37035.0,1899.440008544922,1936.0140063476563,117596.4,31.36623645154164,1868.0,False,"Volume ≤ Avg, 20MA ≤ 50MA, RSI ≤ 50, Price ≤ 50MA, No Breakout, Low Liquidity"
GLAXO.NS,2476.5,37080.0,2634.0650024414062,2706.0219970703124,80788.95,23.673660157872874,2548.10009765625,False,"Volume ≤ Avg, 20MA ≤ 50MA, RSI ≤ 50, Price ≤ 50MA, No Breakout, Low Liquidity"
GLENMARK.NS,1913.0999755859375,1312797.0,1849.190008544922,1942.6792456054689,670038.75,66.64456772899416,1918.9000244140625,False,"20MA ≤ 50MA, Price ≤ 50MA, No Breakout"
MEDANTA.NS,1175.9000244140625,106255.0,1298.655010986328,1331.77400390625,300579.55,25.57209114909864,1210.0,False,"Volume ≤ Avg, 20MA ≤ 50MA, RSI ≤ 50, Price ≤ 50MA, No Breakout, Low Liquidity"
GODIGIT.NS,349.70001220703125,79361.0,356.8724990844727,354.63499938964844,689260.95,47.33543799228292,358.95001220703125,False,"Volume ≤ Avg, RSI ≤ 50, Price ≤ 50MA, No Breakout"
GPIL.NS,274.5,9220363.0,270.1214988708496,258.2409994506836,3185635.3,53.10848486975725,270.5,True,All Pass
GODFRYPHLP.NS,2960.0,124368.0,3104.4802368164064,3292.6624267578127,462711.85,23.823834154674714,3025.199951171875,False,"Volume ≤ Avg, 20MA ≤ 50MA, RSI ≤ 50, Price ≤ 50MA, No Breakout, Low Liquidity"
GODREJAGRO.NS,566.0999755859375,212824.0,634.8775085449219,677.3460021972656,185755.6,13.234782049820325,586.4000244140625,False,"20MA ≤ 50MA, RSI ≤ 50, Price ≤ 50MA, No Breakout, Low Liquidity"
GODREJCP.NS,1140.5999755859375,1482971.0,1131.1374450683593,1162.7404223632811,1616780.4,56.12817496498227,1142.4000244140625,False,"Volume ≤ Avg, 20MA ≤ 50MA, Price ≤ 50MA, No Breakout"
GODREJIND.NS,1062.0999755859375,22393.0,1089.0599975585938,1134.3999975585937,111264.6,37.27624817963414,1083.5999755859375,False,"Volume ≤ Avg, 20MA ≤ 50MA, RSI ≤ 50, Price ≤ 50MA, No Breakout, Low Liquidity"
GODREJPROP.NS,2186.300048828125,197153.0,2252.2950073242187,2125.596003417969,523428.8,30.72497664650892,2233.39990234375,False,"Volume ≤ Avg, RSI ≤ 50, No Breakout"
GRANULES.NS,546.0999755859375,852545.0,561.0125,548.063998413086,669493.9,40.20101704688353,561.7999877929688,False,"RSI ≤ 50, Price ≤ 50MA, No Breakout"
GRAPHITE.NS,569.4000244140625,256089.0,582.0949981689453,564.2980017089844,1677146.7,51.64230185364957,582.0,False,"Volume ≤ Avg, No Breakout"
GRASIM.NS,2773.699951171875,228463.0,2843.52998046875,2821.7919873046876,561667.65,31.611178097652626,2785.0,False,"Volume ≤ Avg, RSI ≤ 50, Price ≤ 50MA, No Breakout"
GRAVITA.NS,1740.0,123389.0,1686.6300048828125,1649.5280053710937,539556.2,57.40226370389344,1759.0,False,"Volume ≤ Avg, No Breakout"
GESHIP.NS,1132.800048828125,104736.0,1067.237744140625,1035.175693359375,481259.8,69.34763405018234,1163.9000244140625,False,"Volume ≤ Avg, No Breakout, Low Liquidity"
FLUOROCHEM.NS,3556.39990234375,30415.0,3657.845007324219,3672.798212890625,77972.9,46.613340640857245,3717.0,False,"Volume ≤ Avg, 20MA ≤ 50MA, RSI ≤ 50, Price ≤ 50MA, No Breakout, Low Liquidity"
GUJGASLTD.NS,406.5,53878.0,409.925,423.48260009765625,367260.6,40.410256153435405,410.6000061035156,False,"Volume ≤ Avg, 20MA ≤ 50MA, RSI ≤ 50, Price ≤ 50MA, No Breakout, Low Liquidity"
GMDCLTD.NS,571.25,4054180.0,586.5574981689454,577.3795611572266,2667558.5,47.29897546564138,603.8499755859375,False,"RSI ≤ 50, Price ≤ 50MA, No Breakout"
GSPL.NS,302.1499938964844,100064.0,307.79250183105466,310.85691650390623,316890.0,35.42316600322013,303.1000061035156,False,"Volume ≤ Avg, 20MA ≤ 50MA, RSI ≤ 50, Price ≤ 50MA, No Breakout, Low Liquidity"
HEG.NS,515.2999877929688,576144.0,541.7325012207032,524.6630004882812,2563199.1,47.34486106488154,529.7999877929688,False,"Volume ≤ Avg, RSI ≤ 50, Price ≤ 50MA, No Breakout"
HBLENGINE.NS,1030.699951171875,12329911.0,980.8650054931641,907.1220458984375,4448575.8,60.440825335104265,1010.0,True,All Pass
HCLTECH.NS,1578.5,1221921.0,1537.0750061035155,1477.0896850585937,2006827.0,61.16070887939992,1605.0,False,"Volume ≤ Avg, No Breakout"
HDFCAMC.NS,5390.5,281215.0,5500.075,5612.92,459409.7,37.028483448806774,5572.0,False,"Volume ≤ Avg, 20MA ≤ 50MA, RSI ≤ 50, Price ≤ 50MA, No Breakout, Low Liquidity"
HDFCBANK.NS,983.2000122070312,11170252.0,994.1100036621094,978.0330029296875,18060366.9,33.27689782485561,990.0999755859375,False,"Volume ≤ Avg, RSI ≤ 50, No Breakout"
HDFCLIFE.NS,770.5499877929688,770622.0,749.5575012207031,757.9639965820312,2269428.6,62.797839515584606,786.5,False,"Volume ≤ Avg, 20MA ≤ 50MA, No Breakout"
HFCL.NS,75.56999969482422,5134120.0,76.15050086975097,74.91599609375,12654073.3,46.92011825195067,77.69000244140625,False,"Volume ≤ Avg, RSI ≤ 50, No Breakout"
HAPPSTMNDS.NS,505.95001220703125,115675.0,506.408918762207,525.1698132324219,292007.5,42.179385375867476,508.1499938964844,False,"Volume ≤ Avg, 20MA ≤ 50MA, RSI ≤ 50, Price ≤ 50MA, No Breakout, Low Liquidity"
HAVELLS.NS,1465.0,170162.0,1479.3200073242188,1514.0780029296875,687876.25,41.77592740377865,1471.5,False,"Volume ≤ Avg, 20MA ≤ 50MA, RSI ≤ 50, Price ≤ 50MA, No Breakout"
HEROMOTOCO.NS,5560.0,796903.0,5501.7,5455.7,509735.45,44.29042904290429,5594.5,False,"RSI ≤ 50, No Breakout"
HEXT.NS,685.0,144411.0,705.1650024414063,712.6161474609376,359519.45,35.96380073958099,697.7999877929688,False,"Volume ≤ Avg, 20MA ≤ 50MA, RSI ≤ 50, Price ≤ 50MA, No Breakout, Low Liquidity"
HSCL.NS,454.0,311768.0,465.9949981689453,462.4419989013672,1070872.3,33.443153075111965,464.20001220703125,False,"Volume ≤ Avg, RSI ≤ 50, Price ≤ 50MA, No Breakout"
HINDALCO.NS,799.9000244140625,2621176.0,814.5100067138671,779.4260034179688,7306460.6,35.3173304014272,816.5,False,"Volume ≤ Avg, RSI ≤ 50, No Breakout"
HAL.NS,4732.5,435014.0,4744.92001953125,4743.486015625,932468.05,48.14872680793571,4771.2001953125,False,"Volume ≤ Avg, RSI ≤ 50, Price ≤ 50MA, No Breakout"
HINDCOPPER.NS,335.20001220703125,4304237.0,340.4624984741211,318.33227111816404,8441715.65,44.00733315017211,347.5,False,"Volume ≤ Avg, RSI ≤ 50, No Breakout"
HINDPETRO.NS,478.45001220703125,1421185.0,466.02090606689455,438.1185681152344,4566780.45,71.87705942506534,490.3999938964844,False,"Volume ≤ Avg, No Breakout"
HINDUNILVR.NS,2412.10009765625,365831.0,2467.3908935546874,2510.152509765625,1424292.85,18.33864359613183,2431.0,False,"Volume ≤ Avg, 20MA ≤ 50MA, RSI ≤ 50, Price ≤ 50MA, No Breakout"
HINDZINC.NS,485.29998779296875,2357838.0,481.7050018310547,474.74200134277345,4250324.65,51.54162403719068,504.0,False,"Volume ≤ Avg, No Breakout"
POWERINDIA.NS,21556.0,40636.0,19052.35,18851.32,171021.2,85.42720832730953,21992.0,False,"Volume ≤ Avg, No Breakout, Low Liquidity"
HOMEFIRST.NS,1200.5999755859375,161932.0,1197.0599975585938,1228.123994140625,264736.2,48.28614008941878,1177.300048828125,False,"Volume ≤ Avg, 20MA ≤ 50MA, RSI ≤ 50, Price ≤ 50MA, Low Liquidity"
HONASA.NS,292.5,1079573.0,278.83499908447266,288.5429998779297,1351596.35,64.62095931023617,308.20001220703125,False,"Volume ≤ Avg, 20MA ≤ 50MA, No Breakout"
HONAUT.NS,35375.0,944.0,36357.25,36357.5,4342.15,23.586429725363487,35895.0,False,"Volume ≤ Avg, 20MA ≤ 50MA, RSI ≤ 50, Price ≤ 50MA, No Breakout, Low Liquidity"
HUDCO.NS,226.9199981689453,1635023.0,230.40599822998047,227.41851470947265,3711613.75,49.89770816336725,229.11000061035156,False,"Volume ≤ Avg, RSI ≤ 50, Price ≤ 50MA, No Breakout"
HYUNDAI.NS,2368.10009765625,276725.0,2357.07998046875,2475.975986328125,916305.35,61.46613996149793,2444.89990234375,False,"Volume ≤ Avg, 20MA ≤ 50MA, Price ≤ 50MA, No Breakout"
ICICIBANK.NS,1364.0,4783363.0,1363.3900085449218,1379.6460009765624,13136227.15,45.78687313235853,1390.4000244140625,False,"Volume ≤ Avg, 20MA ≤ 50MA, RSI ≤ 50, Price ≤ 50MA, No Breakout"
ICICIGI.NS,2002.0999755859375,292564.0,2010.5302978515624,1933.6144702148438,417417.85,52.7247366445237,2064.89990234375,False,"Volume ≤ Avg, No Breakout, Low Liquidity"
ICICIPRULI.NS,626.4000244140625,430933.0,607.6550018310547,601.6630017089843,1086585.65,68.9579168080146,633.9500122070312,False,"Volume ≤ Avg, No Breakout"
IDBI.NS,100.25,8124426.0,98.1830005645752,94.57580032348633,18970251.8,56.82095434792963,102.11000061035156,False,"Volume ≤ Avg, No Breakout"
IDFCFIRSTB.NS,80.08000183105469,12550680.0,79.4834991455078,74.7543994140625,35292256.55,59.44702664313389,81.69000244140625,False,"Volume ≤ Avg, No Breakout"
IFCI.NS,54.65999984741211,2400726.0,55.771999740600585,55.79919982910156,5924267.15,42.37875787166412,55.58000183105469,False,"Volume ≤ Avg, 20MA ≤ 50MA, RSI ≤ 50, Price ≤ 50MA, No Breakout"
IIFL.NS,547.0,2988038.0,523.5574996948242,483.6159997558594,1780170.2,70.09162918342825,543.7999877929688,True,All Pass
INOXINDIA.NS,1200.0,13936.0,1199.9249938964845,1196.3039892578124,57727.15,47.96259767878591,1209.5,False,"Volume ≤ Avg, RSI ≤ 50, No Breakout, Low Liquidity"
IRB.NS,43.06999969482422,6432061.0,43.93549995422363,43.05259994506836,8190311.85,34.14630931492766,43.4900016784668,False,"Price ≤ 50, Volume ≤ Avg, RSI ≤ 50, No Breakout"
IRCON.NS,164.02000427246094,3382639.0,167.6890007019043,172.39636352539063,1775220.0,38.12071101930719,164.0,False,"20MA ≤ 50MA, RSI ≤ 50, Price ≤ 50MA"
ITCHOTELS.NS,208.33999633789062,744090.0,215.60399856567383,225.79739868164063,2683375.3,19.25742563038827,209.99000549316406,False,"Volume ≤ Avg, 20MA ≤ 50MA, RSI ≤ 50, Price ≤ 50MA, No Breakout"
ITC.NS,404.54998779296875,57593361.0,412.1499984741211,408.4419970703125,13669795.45,25.3067899599247,407.5,False,"RSI ≤ 50, Price ≤ 50MA, No Breakout"
ITI.NS,315.5,302173.0,325.5750030517578,321.79100036621094,661664.1,31.61288459556964,327.6000061035156,False,"Volume ≤ Avg, RSI ≤ 50, Price ≤ 50MA, No Breakout"
INDGN.NS,513.1500244140625,85599.0,535.0899993896485,552.3539978027344,368280.4,27.7614577958676,518.5,False,"Volume ≤ Avg, 20MA ≤ 50MA, RSI ≤ 50, Price ≤ 50MA, No Breakout, Low Liquidity"
INDIACEM.NS,389.8999938964844,52309.0,391.56750030517577,392.16100158691404,620042.65,49.6850440246313,398.1499938964844,False,"Volume ≤ Avg, 20MA ≤ 50MA, RSI ≤ 50, Price ≤ 50MA, No Breakout"
INDIAMART.NS,2451.0,32700.0,2439.150012207031,2447.7200048828126,80849.15,49.00338022284784,2525.89990234375,False,"Volume ≤ Avg, 20MA ≤ 50MA, RSI ≤ 50, No Breakout, Low Liquidity"
INDIANB.NS,866.2999877929688,609846.0,850.7424987792969,773.7469982910156,2049317.5,71.61946418237346,873.2999877929688,False,"Volume ≤ Avg, No Breakout"
IEX.NS,137.3800048828125,1523858.0,140.78600006103517,141.55459991455078,6534826.9,23.931619054916197,140.3000030517578,False,"Volume ≤ Avg, 20MA ≤ 50MA, RSI ≤ 50, Price ≤ 50MA, No Breakout"
INDHOTEL.NS,722.3499755859375,2625684.0,729.6500030517578,741.987001953125,2934572.95,40.31225154090452,720.3499755859375,False,"Volume ≤ Avg, 20MA ≤ 50MA, RSI ≤ 50, Price ≤ 50MA"
IOC.NS,170.4499969482422,6598091.0,163.21949920654296,154.10259887695312,16700083.05,83.66446823274207,174.4499969482422,False,"Volume ≤ Avg, No Breakout"
IOB.NS,38.810001373291016,2895901.0,39.720000457763675,39.57400016784668,9808983.85,34.45545795979538,39.16999816894531,False,"Price ≤ 50, Volume ≤ Avg, RSI ≤ 50, Price ≤ 50MA, No Breakout"
IRCTC.NS,702.5999755859375,572761.0,716.3375,715.912001953125,661350.1,35.453320096665124,720.7999877929688,False,"Volume ≤ Avg, RSI ≤ 50, Price ≤ 50MA, No Breakout"
IRFC.NS,120.5999984741211,4027340.0,122.57614402770996,123.84227493286133,5435813.6,37.489039869087975,121.8499984741211,False,"Volume ≤ Avg, 20MA ≤ 50MA, RSI ≤ 50, Price ≤ 50MA, No Breakout"
IREDA.NS,148.99000549316406,4591132.0,151.53349838256835,151.2179995727539,5409606.85,39.75680133375298,152.1300048828125,False,"Volume ≤ Avg, RSI ≤ 50, Price ≤ 50MA, No Breakout"
IGL.NS,213.0,1527945.0,211.6099998474121,211.8724185180664,2217683.15,49.10202334820924,216.64999389648438,False,"Volume ≤ Avg, 20MA ≤ 50MA, RSI ≤ 50, No Breakout"
INDUSTOWER.NS,410.6000061035156,2923479.0,381.9899963378906,363.24499755859375,9323515.05,72.32956360194937,414.0,False,"Volume ≤ Avg, No Breakout"
INDUSINDBK.NS,848.1500244140625,3143919.0,795.9525024414063,764.6840026855468,4499826.25,74.8251691270194,892.3499755859375,False,"Volume ≤ Avg, No Breakout"
NAUKRI.NS,1315.699951171875,894141.0,1352.4150024414062,1354.0400073242188,1028954.25,38.09524091976221,1384.0,False,"Volume ≤ Avg, 20MA ≤ 50MA, RSI ≤ 50, Price ≤ 50MA, No Breakout"
INFY.NS,1490.0999755859375,5888825.0,1489.984814453125,1474.9304345703124,8999721.6,46.590904493307235,1557.5,False,"Volume ≤ Avg, RSI ≤ 50, No Breakout"
INOXWIND.NS,148.0800018310547,5509915.0,151.89349975585938,148.36940002441406,5969338.9,38.0133714681289,152.64999389648438,False,"Volume ≤ Avg, RSI ≤ 50, Price ≤ 50MA, No Breakout"
INTELLECT.NS,1092.300048828125,183601.0,1077.2549957275392,1028.41900390625,977832.3,55.9668784860277,1153.199951171875,False,"Volume ≤ Avg, No Breakout"
INDIGO.NS,5877.0,389909.0,5763.25,5725.62,745203.6,52.43337195828505,5938.0,False,"Volume ≤ Avg, No Breakout"
IGIL.NS,345.54998779296875,136227.0,343.34000091552736,351.46,1118931.4,49.46363280562309,350.5,False,"Volume ≤ Avg, 20MA ≤ 50MA, RSI ≤ 50, Price ≤ 50MA, No Breakout"
IKS.NS,1609.300048828125,37612.0,1593.8699890136718,1556.659990234375,398935.8,67.25366133788926,1653.0,False,"Volume ≤ Avg, No Breakout, Low Liquidity"
IPCALAB.NS,1409.0,1241872.0,1302.9550170898438,1322.2800073242188,191655.5,67.03498823883814,1364.9000244140625,False,"20MA ≤ 50MA, Low Liquidity"
JBCHEPHARM.NS,1819.9000244140625,48141.0,1728.1350158691407,1705.6780053710938,199623.95,73.01280767845385,1839.0,False,"Volume ≤ Avg, No Breakout, Low Liquidity"
JKCEMENT.NS,5544.5,73507.0,6049.475,6375.39,130196.25,22.385747482571645,5658.0,False,"Volume ≤ Avg, 20MA ≤ 50MA, RSI ≤ 50, Price ≤ 50MA, No Breakout, Low Liquidity"
JBMA.NS,630.7999877929688,75345.0,649.2600006103515,666.4169995117187,273423.2,37.49998369787068,645.0,False,"Volume ≤ Avg, 20MA ≤ 50MA, RSI ≤ 50, Price ≤ 50MA, No Breakout, Low Liquidity"
JKTYRE.NS,459.45001220703125,584627.0,437.5050018310547,396.87999938964845,2673514.8,74.32225241198061,476.0,False,"Volume ≤ Avg, No Breakout"
JMFINANCIL.NS,149.39999389648438,2307043.0,161.9559638977051,168.63574920654298,3895415.15,28.12118490961376,162.95818064385543,False,"Volume ≤ Avg, 20MA ≤ 50MA, RSI ≤ 50, Price ≤ 50MA, No Breakout"
JSWENERGY.NS,524.4000244140625,1082452.0,528.9999969482421,531.1619970703125,1991208.75,45.815765740666215,532.9000244140625,False,"Volume ≤ Avg, 20MA ≤ 50MA, RSI ≤ 50, Price ≤ 50MA, No Breakout"
JSWINFRA.NS,279.75,627952.0,290.7875015258789,306.65799926757813,1346902.75,28.939422663442286,286.3500061035156,False,"Volume ≤ Avg, 20MA ≤ 50MA, RSI ≤ 50, Price ≤ 50MA, No Breakout"
JSWSTEEL.NS,1161.5,555183.0,1174.7800048828126,1148.4140014648438,1389597.25,53.46032789273925,1200.4000244140625,False,"Volume ≤ Avg, No Breakout"
JPPOWER.NS,17.760000228881836,11926980.0,17.917499923706053,18.21840000152588,19947219.4,46.15387033827077,18.329999923706055,False,"Price ≤ 50, Volume ≤ Avg, 20MA ≤ 50MA, RSI ≤ 50, Price ≤ 50MA, No Breakout"
J&KBANK.NS,106.31999969482422,1301837.0,106.41399993896485,104.55760009765625,2976236.6,46.11737422123171,108.55000305175781,False,"Volume ≤ Avg, RSI ≤ 50, No Breakout"
JINDALSAW.NS,169.3699951171875,932323.0,176.34449920654296,194.14300048828125,2873532.5,34.07048990515719,172.67999267578125,False,"Volume ≤ Avg, 20MA ≤ 50MA, RSI ≤ 50, Price ≤ 50MA, No Breakout"
JSL.NS,740.0,277816.0,764.5500030517578,766.8580041503906,624253.15,23.61215082682058,751.9000244140625,False,"Volume ≤ Avg, 20MA ≤ 50MA, RSI ≤ 50, Price ≤ 50MA, No Breakout"
JINDALSTEL.NS,1086.0999755859375,909029.0,1055.7449951171875,1045.3969958496093,1489091.75,68.55301805437387,1098.0,False,"Volume ≤ Avg, No Breakout"
JIOFIN.NS,313.25,9177207.0,307.2574981689453,307.84900146484375,9793815.45,61.587282211061506,316.6000061035156,False,"Volume ≤ Avg, 20MA ≤ 50MA, No Breakout"
JUBLFOOD.NS,614.0999755859375,13057982.0,593.45,611.30400390625,1722581.05,57.12072818902756,588.75,False,20MA ≤ 50MA
JUBLINGREA.NS,677.5,80919.0,681.2850036621094,683.9740026855469,245714.7,50.12094840558347,687.1500244140625,False,"Volume ≤ Avg, 20MA ≤ 50MA, Price ≤ 50MA, No Breakout, Low Liquidity"
JUBLPHARMA.NS,1131.9000244140625,85201.0,1132.1,1110.4540014648437,198755.7,51.476805498261186,1153.0,False,"Volume ≤ Avg, No Breakout, Low Liquidity"
JWL.NS,304.0,591275.0,318.604997253418,327.232998046875,576252.75,25.314842388551213,311.54998779296875,False,"20MA ≤ 50MA, RSI ≤ 50, Price ≤ 50MA, No Breakout"
JYOTHYLAB.NS,312.54998779296875,83311.0,315.679997253418,317.74000061035156,267422.45,41.35591291619037,314.04998779296875,False,"Volume ≤ Avg, 20MA ≤ 50MA, RSI ≤ 50, Price ≤ 50MA, No Breakout, Low Liquidity"
JYOTICNC.NS,956.9000244140625,334715.0,913.9675140380859,913.1410046386719,822022.1,59.53065291829689,989.25,False,"Volume ≤ Avg, No Breakout"
KPRMILL.NS,1079.0,208395.0,1065.9049865722657,1055.9939929199218,325833.1,54.41767375905648,1108.199951171875,False,"Volume ≤ Avg, No Breakout, Low Liquidity"
KEI.NS,4112.0,40134.0,4061.3850219726564,4114.253999023437,181990.65,53.04113977434459,4131.89990234375,False,"Volume ≤ Avg, 20MA ≤ 50MA, Price ≤ 50MA, No Breakout, Low Liquidity"
KPITTECH.NS,1222.0999755859375,385349.0,1180.5299987792969,1200.1880004882812,662128.8,54.13245476478893,1251.699951171875,False,"Volume ≤ Avg, 20MA ≤ 50MA, No Breakout"
KSB.NS,758.0,29023.0,783.1250030517579,807.217001953125,58658.4,25.827072782971683,767.9500122070312,False,"Volume ≤ Avg, 20MA ≤ 50MA, RSI ≤ 50, Price ≤ 50MA, No Breakout, Low Liquidity"
KAJARIACER.NS,1119.4000244140625,73338.0,1180.1968078613281,1196.5399951171876,199302.35,20.797982370491127,1139.9000244140625,False,"Volume ≤ Avg, 20MA ≤ 50MA, RSI ≤ 50, Price ≤ 50MA, No Breakout, Low Liquidity"
KPIL.NS,1252.4000244140625,70469.0,1267.2950012207032,1263.9920068359374,247367.7,50.336411782189344,1275.5,False,"Volume ≤ Avg, Price ≤ 50MA, No Breakout, Low Liquidity"
KALYANKJIL.NS,493.1499938964844,1439204.0,505.99999542236327,495.9409973144531,2798221.0,38.47548290904096,511.8999938964844,False,"Volume ≤ Avg, RSI ≤ 50, Price ≤ 50MA, No Breakout"
KARURVYSYA.NS,251.00999450683594,620721.0,246.70849990844727,227.16300018310548,2461781.55,51.91372201840603,254.0399932861328,False,"Volume ≤ Avg, No Breakout"
KAYNES.NS,6326.5,216302.0,6638.55,6943.4,409009.05,34.18013856812934,6497.5,False,"Volume ≤ Avg, 20MA ≤ 50MA, RSI ≤ 50, Price ≤ 50MA, No Breakout, Low Liquidity"
KEC.NS,793.5,622752.0,811.5399993896484,842.937001953125,810341.45,39.059971295538936,792.5999755859375,False,"Volume ≤ Avg, 20MA ≤ 50MA, RSI ≤ 50, Price ≤ 50MA"
KFINTECH.NS,1084.4000244140625,203052.0,1110.1400146484375,1097.9080151367189,854054.15,32.64890543003756,1109.9000244140625,False,"Volume ≤ Avg, RSI ≤ 50, Price ≤ 50MA, No Breakout"
KIRLOSBROS.NS,1731.800048828125,22893.0,1852.3049926757812,1932.9260034179688,54076.15,30.24463533035602,1777.0,False,"Volume ≤ Avg, 20MA ≤ 50MA, RSI ≤ 50, Price ≤ 50MA, No Breakout, Low Liquidity"
KIRLOSENG.NS,1082.8499755859375,545851.0,978.6375,934.7289978027344,1066771.6,71.49802651125543,1094.3499755859375,False,"Volume ≤ Avg, No Breakout"
KOTAKBANK.NS,2068.800048828125,1342603.0,2130.7400146484374,2081.364016113281,2354837.0,22.633737275974255,2089.5,False,"Volume ≤ Avg, RSI ≤ 50, Price ≤ 50MA, No Breakout"
KIMS.NS,664.7000122070312,242091.0,712.9375,722.0210021972656,321509.2,32.52057472788324,688.0499877929688,False,"Volume ≤ Avg, 20MA ≤ 50MA, RSI ≤ 50, Price ≤ 50MA, No Breakout, Low Liquidity"
LTF.NS,293.1000061035156,3760605.0,278.6155029296875,260.2483999633789,9899507.75,71.89137032105523,295.5,False,"Volume ≤ Avg, No Breakout"
LTTS.NS,4103.2998046875,50743.0,4131.534411621094,4162.244897460938,59561.7,36.083122486245216,4210.0,False,"Volume ≤ Avg, 20MA ≤ 50MA, RSI ≤ 50, Price ≤ 50MA, No Breakout, Low Liquidity"
LICHSGFIN.NS,565.0,508223.0,574.7050048828125,571.9220007324219,1197210.4,31.898977303351288,573.5499877929688,False,"Volume ≤ Avg, RSI ≤ 50, Price ≤ 50MA, No Breakout"
LTFOODS.NS,412.3999938964844,291292.0,415.9050033569336,423.82952758789065,664085.1,40.36957684501032,416.1499938964844,False,"Volume ≤ Avg, 20MA ≤ 50MA, RSI ≤ 50, Price ≤ 50MA, No Breakout"
LTIM.NS,5797.5,93559.0,5659.342309570313,5438.294326171875,235231.85,59.788688626476066,5906.5,False,"Volume ≤ Avg, No Breakout, Low Liquidity"
LT.NS,3977.5,841306.0,3934.9249877929688,3778.4860009765625,1721881.05,56.20809735384984,4022.89990234375,False,"Volume ≤ Avg, No Breakout"
LATENTVIEW.NS,483.3999938964844,204974.0,449.3250015258789,432.2390020751953,888339.8,67.04777685228014,488.95001220703125,False,"Volume ≤ Avg, No Breakout"
LAURUSLABS.NS,998.4500122070312,1397598.0,962.9547058105469,914.2123596191407,2272766.4,73.0267246145662,1005.0,False,"Volume ≤ Avg, No Breakout"
THELEELA.NS,428.45001220703125,69241.0,434.4375,428.3689996337891,475488.1,45.64103005514296,435.1000061035156,False,"Volume ≤ Avg, RSI ≤ 50, No Breakout, Low Liquidity"
LEMONTREE.NS,158.5399932861328,2710586.0,164.70750045776367,167.85419982910156,1867306.6,39.21455361328779,160.8800048828125,False,"20MA ≤ 50MA, RSI ≤ 50, Price ≤ 50MA, No Breakout"
LICI.NS,906.1500244140625,419977.0,901.0900054931641,895.0600012207032,1774944.3,53.17164179104477,908.4500122070312,False,"Volume ≤ Avg, No Breakout"
LINDEINDIA.NS,5736.5,43692.0,5976.05,6186.54,25575.1,13.960703205791106,5850.0,False,"20MA ≤ 50MA, RSI ≤ 50, Price ≤ 50MA, No Breakout, Low Liquidity"
LLOYDSME.NS,1286.800048828125,302626.0,1317.0000061035157,1310.16400390625,276334.35,34.15958607621508,1352.9000244140625,False,"RSI ≤ 50, Price ≤ 50MA, No Breakout, Low Liquidity"
LODHA.NS,1208.9000244140625,414543.0,1200.5400024414062,1180.8620043945311,1280628.55,59.62584710769677,1234.800048828125,False,"Volume ≤ Avg, No Breakout"
LUPIN.NS,2044.4000244140625,424677.0,1970.315008544922,1972.1440087890626,1070018.05,71.79765477585818,2068.300048828125,False,"Volume ≤ Avg, 20MA ≤ 50MA, No Breakout"
MMTC.NS,65.80000305175781,689958.0,67.29400100708008,67.2446004486084,1816394.7,43.68636505954735,68.19999694824219,False,"Volume ≤ Avg, RSI ≤ 50, Price ≤ 50MA, No Breakout"
MRF.NS,157405.0,7695.0,158728.75,154152.5,4701.45,41.82895850973751,159300.0,False,"RSI ≤ 50, No Breakout, Low Liquidity"
MGL.NS,1248.9000244140625,168395.0,1263.7950012207032,1283.5019946289062,200290.55,38.836268911394164,1239.4000244140625,False,"Volume ≤ Avg, 20MA ≤ 50MA, RSI ≤ 50, Price ≤ 50MA, Low Liquidity"
MAHSCOOTER.NS,14275.0,1051.0,15633.5,16633.126953125,3308.85,15.013054830287203,14306.0,False,"Volume ≤ Avg, 20MA ≤ 50MA, RSI ≤ 50, Price ≤ 50MA, No Breakout, Low Liquidity"
MAHSEAMLES.NS,560.1500244140625,68251.0,567.4800018310547,592.5490014648437,203541.15,39.43581995150919,566.0,False,"Volume ≤ Avg, 20MA ≤ 50MA, RSI ≤ 50, Price ≤ 50MA, No Breakout, Low Liquidity"
M&MFIN.NS,308.75,473251.0,309.070002746582,290.9640002441406,2849401.5,60.523423954100565,311.45001220703125,False,"Volume ≤ Avg, No Breakout"
M&M.NS,3683.199951171875,1011065.0,3620.040002441406,3564.697998046875,2216672.6,56.94873762060712,3754.10009765625,False,"Volume ≤ Avg, No Breakout"
MANAPPURAM.NS,280.6000061035156,9669877.0,275.65457305908205,282.8602990722656,4416433.65,56.05184661154222,277.25,False,"20MA ≤ 50MA, Price ≤ 50MA"
MRPL.NS,172.02999877929688,2096128.0,162.85299987792968,145.5309994506836,14071081.55,71.91121189723891,178.1699981689453,False,"Volume ≤ Avg, No Breakout"
MANKIND.NS,2273.5,412894.0,2366.2600219726564,2460.4180029296876,431397.3,31.469992639137672,2293.89990234375,False,"Volume ≤ Avg, 20MA ≤ 50MA, RSI ≤ 50, Price ≤ 50MA, No Breakout, Low Liquidity"
MARICO.NS,724.8499755859375,1539999.0,721.1849945068359,718.67099609375,1193973.85,51.36612021857924,727.1500244140625,False,No Breakout
MARUTI.NS,15646.0,151173.0,15938.3,15855.14,336564.4,27.21130221130221,15800.0,False,"Volume ≤ Avg, RSI ≤ 50, Price ≤ 50MA, No Breakout, Low Liquidity"
MFSL.NS,1670.0,443173.0,1581.4250061035157,1581.4659985351564,768994.35,76.03195933807338,1729.9000244140625,False,"Volume ≤ Avg, 20MA ≤ 50MA, No Breakout"
MAXHEALTH.NS,1099.300048828125,798476.0,1153.5500061035157,1151.2759985351563,1987480.7,20.068762023496205,1110.800048828125,False,"Volume ≤ Avg, RSI ≤ 50, Price ≤ 50MA, No Breakout"
MAZDOCK.NS,2768.60009765625,953259.0,2750.4754272460937,2806.056826171875,884534.55,45.47833386365297,2777.0,False,"20MA ≤ 50MA, RSI ≤ 50, Price ≤ 50MA, No Breakout"
METROPOLIS.NS,1980.0,12553.0,1954.796319580078,2019.738330078125,68275.05,62.85203114882663,1980.0,False,"Volume ≤ Avg, 20MA ≤ 50MA, Price ≤ 50MA, No Breakout, Low Liquidity"
MINDACORP.NS,599.2999877929688,206994.0,580.8350006103516,562.7909979248047,743914.1,66.29464285714286,619.9500122070312,False,"Volume ≤ Avg, No Breakout"
MSUMI.NS,47.869998931884766,4510917.0,46.96199989318848,46.92839973449707,3575748.85,59.70333080906436,47.5,False,Price ≤ 50
MOTILALOFS.NS,983.5,509172.0,1009.7800079345703,964.5110021972656,1329767.95,36.757995664298726,1023.0,False,"Volume ≤ Avg, RSI ≤ 50, No Breakout"
MPHASIS.NS,2755.0,296723.0,2791.80498046875,2806.745986328125,391204.9,36.44291311195468,2843.89990234375,False,"Volume ≤ Avg, 20MA ≤ 50MA, RSI ≤ 50, Price ≤ 50MA, No Breakout, Low Liquidity"
MCX.NS,9642.5,364039.0,9323.55,8604.99,507420.2,60.45285359801489,9723.0,False,"Volume ≤ Avg, No Breakout"
MUTHOOTFIN.NS,3708.300048828125,4205031.0,3264.1300048828125,3141.5040087890625,732850.7,88.5099841151546,3406.800048828125,True,All Pass
NATCOPHARM.NS,817.7999877929688,778940.0,821.3024993896485,830.9909997558593,410399.0,46.91094950646551,831.9500122070312,False,"20MA ≤ 50MA, RSI ≤ 50, Price ≤ 50MA, No Breakout, Low Liquidity"
NBCC.NS,112.48999786376953,32361855.0,113.21350059509277,110.78240036010742,9259987.35,51.81252065539661,113.5,False,No Breakout
NCC.NS,182.91000366210938,2407406.0,202.7125,206.8229995727539,3771989.7,13.593158202958563,187.8000030517578,False,"Volume ≤ Avg, 20MA ≤ 50MA, RSI ≤ 50, Price ≤ 50MA, No Breakout"
NHPC.NS,80.3499984741211,8958314.0,84.19099960327148,84.67499969482422,11279705.95,30.750221397015167,82.27999877929688,False,"Volume ≤ Avg, 20MA ≤ 50MA, RSI ≤ 50, Price ≤ 50MA, No Breakout"
NLCINDIA.NS,254.8000030517578,336944.0,261.3349983215332,263.38550262451173,1410304.05,43.448277071644426,263.0,False,"Volume ≤ Avg, 20MA ≤ 50MA, RSI ≤ 50, Price ≤ 50MA, No Breakout"
NMDC.NS,76.05000305175781,6712697.0,75.24150009155274,75.7566000366211,17356440.6,57.1307459399945,78.63999938964844,False,"Volume ≤ Avg, 20MA ≤ 50MA, No Breakout"
NSLNISP.NS,43.29999923706055,2037332.0,44.20250015258789,44.78480010986328,6711985.75,40.8983442298148,44.68000030517578,False,"Price ≤ 50, Volume ≤ Avg, 20MA ≤ 50MA, RSI ≤ 50, Price ≤ 50MA, No Breakout"
NTPCGREEN.NS,98.37999725341797,1014714.0,100.675,100.93560012817383,4358820.65,39.93877808339443,99.44999694824219,False,"Volume ≤ Avg, 20MA ≤ 50MA, RSI ≤ 50, Price ≤ 50MA, No Breakout"
NTPC.NS,326.70001220703125,4535801.0,332.99192962646487,333.36726928710937,8180725.7,33.33957069154481,329.95001220703125,False,"Volume ≤ Avg, 20MA ≤ 50MA, RSI ≤ 50, Price ≤ 50MA, No Breakout"
NH.NS,1753.0999755859375,122936.0,1780.3050170898437,1770.3080126953125,286320.45,50.66994483161742,1799.0,False,"Volume ≤ Avg, Price ≤ 50MA, No Breakout, Low Liquidity"
NATIONALUM.NS,260.95001220703125,7901028.0,237.5160705566406,221.5397021484375,13991972.65,72.20296887320566,267.84207478079657,False,"Volume ≤ Avg, No Breakout"
NAVA.NS,548.8499755859375,162049.0,590.3164916992188,636.5171875,368327.65,27.174633691283972,553.8715229640628,False,"Volume ≤ Avg, 20MA ≤ 50MA, RSI ≤ 50, Price ≤ 50MA, No Breakout, Low Liquidity"
NAVINFLUOR.NS,6003.5,75585.0,5565.523413085937,5064.232587890625,543853.1,84.74012786284572,6096.0,False,"Volume ≤ Avg, No Breakout"
NESTLEIND.NS,1263.5,285162.0,1273.4449951171875,1225.227998046875,973202.75,36.170212765957444,1289.300048828125,False,"Volume ≤ Avg, RSI ≤ 50, No Breakout"
NETWEB.NS,3455.199951171875,785274.0,3718.7499877929686,3601.14599609375,2160491.6,38.91508795400431,3569.89990234375,False,"Volume ≤ Avg, RSI ≤ 50, Price ≤ 50MA, No Breakout"
NEULANDLAB.NS,17519.0,57919.0,16811.95,15944.24,64713.15,66.64732056490618,17640.0,False,"Volume ≤ Avg, No Breakout, Low Liquidity"
NEWGEN.NS,940.2000122070312,226101.0,944.5099975585938,909.3060009765625,1564024.6,57.56584788430029,995.5,False,"Volume ≤ Avg, No Breakout"
NAM-INDIA.NS,867.3499755859375,272609.0,886.9021759033203,859.7125073242188,995907.65,40.5492712506601,894.8499755859375,False,"Volume ≤ Avg, RSI ≤ 50, No Breakout"
NIVABUPA.NS,76.80999755859375,785082.0,75.4169994354248,78.7749998474121,2861486.3,62.96730054831833,76.66999816894531,False,"Volume ≤ Avg, 20MA ≤ 50MA, Price ≤ 50MA"
NUVAMA.NS,7303.0,41274.0,7204.852758789062,6779.6632421875,148737.7,58.46414712189808,7530.0,False,"Volume ≤ Avg, No Breakout, Low Liquidity"
NUVOCO.NS,367.5,60483.0,402.03499908447264,423.31500122070315,174922.55,18.69220253517686,380.0,False,"Volume ≤ Avg, 20MA ≤ 50MA, RSI ≤ 50, Price ≤ 50MA, No Breakout, Low Liquidity"
OBEROIRLTY.NS,1740.9000244140625,124134.0,1743.6699951171875,1668.58650390625,457778.7,51.06568592729622,1764.699951171875,False,"Volume ≤ Avg, No Breakout, Low Liquidity"
ONGC.NS,247.1999969482422,5269983.0,246.26177902221679,238.5345071411133,8596694.55,49.98015136955549,247.63182894085813,False,"Volume ≤ Avg, RSI ≤ 50, No Breakout"
OIL.NS,438.45001220703125,766851.0,426.5800018310547,415.16600036621094,1986494.75,62.14178103850876,442.70001220703125,False,"Volume ≤ Avg, No Breakout"
OLAELEC.NS,42.34000015258789,5033380.0,49.40950012207031,53.45960014343262,13137449.6,11.84638605565408,42.9900016784668,False,"Price ≤ 50, Volume ≤ Avg, 20MA ≤ 50MA, RSI ≤ 50, Price ≤ 50MA, No Breakout"
OLECTRA.NS,1399.199951171875,186818.0,1469.7650024414063,1530.5293579101562,357984.55,45.7005277722725,1468.800048828125,False,"Volume ≤ Avg, 20MA ≤ 50MA, RSI ≤ 50, Price ≤ 50MA, No Breakout, Low Liquidity"
PAYTM.NS,1294.800048828125,1358603.0,1302.8999938964844,1247.4719970703125,2734402.25,46.881865618518354,1316.800048828125,False,"Volume ≤ Avg, RSI ≤ 50, No Breakout"
ONESOURCE.NS,1736.4000244140625,107189.0,1814.4549987792968,1826.8240063476562,75060.4,37.16627910463393,1789.9000244140625,False,"20MA ≤ 50MA, RSI ≤ 50, Price ≤ 50MA, No Breakout, Low Liquidity"
OFSS.NS,8200.0,47326.0,8375.6982421875,8611.273408203126,104053.3,34.31000341298082,8410.0,False,"Volume ≤ Avg, 20MA ≤ 50MA, RSI ≤ 50, Price ≤ 50MA, No Breakout, Low Liquidity"
POLICYBZR.NS,1723.800048828125,768379.0,1749.8350036621093,1756.0040014648437,1785048.25,47.31431074160446,1776.699951171875,False,"Volume ≤ Avg, 20MA ≤ 50MA, RSI ≤ 50, Price ≤ 50MA, No Breakout"
PCBL.NS,344.29998779296875,228464.0,357.0229949951172,370.1549072265625,649667.55,22.43239944045608,351.95001220703125,False,"Volume ≤ Avg, 20MA ≤ 50MA, RSI ≤ 50, Price ≤ 50MA, No Breakout"
PGEL.NS,573.5999755859375,12709321.0,563.9074981689453,556.012201538086,2645182.25,50.65396902809651,567.9000244140625,True,All Pass
PIIND.NS,3552.699951171875,103460.0,3630.785009765625,3627.840009765625,225327.05,45.084917273248536,3590.0,False,"Volume ≤ Avg, RSI ≤ 50, Price ≤ 50MA, No Breakout, Low Liquidity"
PNBHOUSING.NS,913.7999877929688,421649.0,908.3024993896485,874.5129956054687,1174365.55,42.341852284143265,919.25,False,"Volume ≤ Avg, RSI ≤ 50, No Breakout"
PTCIL.NS,17145.0,5474.0,17192.5,16062.14,14689.2,41.657866948257656,17669.0,False,"Volume ≤ Avg, RSI ≤ 50, No Breakout, Low Liquidity"
PVRINOX.NS,1088.0,101013.0,1153.2850036621094,1129.2920068359374,385826.85,35.60724720696609,1115.199951171875,False,"Volume ≤ Avg, RSI ≤ 50, Price ≤ 50MA, No Breakout, Low Liquidity"
PAGEIND.NS,39820.0,26942.0,40709.75,42058.8,18373.25,38.03376365441906,41245.0,False,"20MA ≤ 50MA, RSI ≤ 50, Price ≤ 50MA, No Breakout, Low Liquidity"
PATANJALI.NS,585.4000244140625,314685.0,585.9247772216797,590.656240234375,1309233.95,47.90087407696936,593.9000244140625,False,"Volume ≤ Avg, 20MA ≤ 50MA, RSI ≤ 50, Price ≤ 50MA, No Breakout"
PERSISTENT.NS,6043.0,100125.0,5900.8900390625,5528.406015625,339179.95,59.75161484997849,6185.5,False,"Volume ≤ Avg, No Breakout, Low Liquidity"
PETRONET.NS,272.5,1317876.0,272.5807418823242,271.3777502441406,1758924.7,49.140750529611296,276.3358131074585,False,"Volume ≤ Avg, RSI ≤ 50, No Breakout"
PFIZER.NS,5070.0,6969.0,5194.225,5178.5,19761.8,30.94098883572569,5339.0,False,"Volume ≤ Avg, RSI ≤ 50, Price ≤ 50MA, No Breakout, Low Liquidity"
PHOENIXLTD.NS,1733.300048828125,196403.0,1717.6400024414063,1639.4545825195312,508609.6,54.37353814986948,1760.0999755859375,False,"Volume ≤ Avg, No Breakout"
PIDILITIND.NS,1463.300048828125,369743.0,1484.2300048828124,1501.3160083007813,551577.95,38.70259206442413,1496.300048828125,False,"Volume ≤ Avg, 20MA ≤ 50MA, RSI ≤ 50, Price ≤ 50MA, No Breakout"
PPLPHARMA.NS,194.0399932861328,1970273.0,198.8209991455078,198.42799957275392,3222443.75,27.541916523944877,196.60000610351562,False,"Volume ≤ Avg, RSI ≤ 50, Price ≤ 50MA, No Breakout"
POLYMED.NS,1945.0999755859375,33761.0,1939.2499877929688,1948.2676391601562,268576.95,53.38996411241843,2024.699951171875,False,"Volume ≤ Avg, 20MA ≤ 50MA, Price ≤ 50MA, No Breakout, Low Liquidity"
POLYCAB.NS,7639.5,71682.0,7619.925,7512.58,270645.1,48.79248658318426,7816.0,False,"Volume ≤ Avg, RSI ≤ 50, No Breakout, Low Liquidity"
POONAWALLA.NS,465.8500061035156,880841.0,483.57250061035154,485.88300231933596,1464047.25,36.87868787857436,494.3999938964844,False,"Volume ≤ Avg, 20MA ≤ 50MA, RSI ≤ 50, Price ≤ 50MA, No Breakout"
PFC.NS,372.0,3054319.0,391.3150009155273,398.4519995117187,5747118.95,27.029492298241635,377.45001220703125,False,"Volume ≤ Avg, 20MA ≤ 50MA, RSI ≤ 50, Price ≤ 50MA, No Breakout"
POWERGRID.NS,270.20001220703125,5897817.0,277.9685256958008,280.0979272460938,12616113.1,30.51205152189732,270.45001220703125,False,"Volume ≤ Avg, 20MA ≤ 50MA, RSI ≤ 50, Price ≤ 50MA, No Breakout"
PRAJIND.NS,329.54998779296875,531611.0,337.1625,355.7700006103516,595437.4,41.5999755859375,340.79998779296875,False,"Volume ≤ Avg, 20MA ≤ 50MA, RSI ≤ 50, Price ≤ 50MA, No Breakout"
PREMIERENE.NS,1003.7999877929688,2046485.0,1057.75,1044.6279992675782,1421188.4,30.399352341110287,1072.5,False,"RSI ≤ 50, Price ≤ 50MA, No Breakout"
PRESTIGE.NS,1748.199951171875,572694.0,1743.7899780273438,1642.6999877929688,561678.35,43.64140715794474,1776.5,False,"RSI ≤ 50, No Breakout"
PGHH.NS,13040.0,14063.0,13362.85,13617.42,5959.1,34.16738567730803,13049.0,False,"20MA ≤ 50MA, RSI ≤ 50, Price ≤ 50MA, No Breakout, Low Liquidity"
PNB.NS,121.4800033569336,5192715.0,120.58449859619141,114.93619979858398,17959123.15,56.83668244799267,123.5,False,"Volume ≤ Avg, No Breakout"
RRKABEL.NS,1375.0,75102.0,1345.9189025878907,1285.0695556640626,585992.8,66.20677186618983,1409.5999755859375,False,"Volume ≤ Avg, No Breakout"
RBLBANK.NS,317.04998779296875,3357235.0,321.67250061035156,294.893740234375,13110637.8,42.514961852985515,322.70001220703125,False,"Volume ≤ Avg, RSI ≤ 50, No Breakout"
RECLTD.NS,357.79998779296875,3446723.0,369.21052703857424,370.18989318847656,6579324.65,37.320557162284366,364.3999938964844,False,"Volume ≤ Avg, 20MA ≤ 50MA, RSI ≤ 50, Price ≤ 50MA, No Breakout"
RHIM.NS,481.54998779296875,136286.0,465.73999938964846,463.54988647460937,254301.2,65.82153871059609,498.95001220703125,False,"Volume ≤ Avg, No Breakout, Low Liquidity"
RITES.NS,246.5,256875.0,244.7559585571289,251.68123260498047,437142.2,54.821599939334824,248.19931227813316,False,"Volume ≤ Avg, 20MA ≤ 50MA, Price ≤ 50MA, No Breakout, Low Liquidity"
RADICO.NS,3255.10009765625,110592.0,3219.045031738281,3046.88400390625,396910.15,53.622431853197114,3319.0,False,"Volume ≤ Avg, No Breakout, Low Liquidity"
RVNL.NS,318.45001220703125,5577775.0,325.1424987792969,336.43399841308593,3179528.75,31.811077811504575,320.8999938964844,False,"20MA ≤ 50MA, RSI ≤ 50, Price ≤ 50MA, No Breakout"
RAILTEL.NS,356.8500061035156,572958.0,362.96763305664064,371.36968688964845,597425.55,42.48444589418517,359.95001220703125,False,"Volume ≤ Avg, 20MA ≤ 50MA, RSI ≤ 50, Price ≤ 50MA, No Breakout"
RAINBOW.NS,1337.5,133332.0,1361.4699951171874,1387.7060034179688,204277.75,41.68178085509875,1367.800048828125,False,"Volume ≤ Avg, 20MA ≤ 50MA, RSI ≤ 50, Price ≤ 50MA, No Breakout, Low Liquidity"
RKFORGE.NS,547.8499755859375,357129.0,541.5325012207031,552.3039990234375,889289.15,60.48741611040789,588.4000244140625,False,"Volume ≤ Avg, 20MA ≤ 50MA, Price ≤ 50MA, No Breakout"
RCF.NS,150.3000030517578,548718.0,149.63199996948242,149.43362976074218,1054740.95,54.77071462953694,153.0,False,"Volume ≤ Avg, No Breakout"
REDINGTON.NS,293.3999938964844,2015310.0,271.42999877929685,270.7305990600586,9128509.0,71.4091147241015,306.79998779296875,False,"Volume ≤ Avg, No Breakout"
RELIANCE.NS,1512.5,3395117.0,1481.075,1421.9820092773436,10823241.85,61.093770116586796,1522.0999755859375,False,"Volume ≤ Avg, No Breakout"
RELINFRA.NS,185.14999389648438,993008.0,203.6240005493164,232.5641995239258,1629330.3,24.294785080820205,186.52999877929688,False,"Volume ≤ Avg, 20MA ≤ 50MA, RSI ≤ 50, Price ≤ 50MA, No Breakout"
RPOWER.NS,41.369998931884766,16157562.0,43.1629997253418,45.01139991760254,43750789.25,39.10427026825789,42.59000015258789,False,"Price ≤ 50, Volume ≤ Avg, 20MA ≤ 50MA, RSI ≤ 50, Price ≤ 50MA, No Breakout"
SBFC.NS,109.69999694824219,766236.0,112.99500045776367,109.96440032958985,3688878.25,36.19865418128146,110.19999694824219,False,"Volume ≤ Avg, RSI ≤ 50, Price ≤ 50MA, No Breakout"
SBICARD.NS,873.8499755859375,900615.0,894.5700042724609,885.6680004882812,1192329.35,36.923815914867056,886.8499755859375,False,"Volume ≤ Avg, RSI ≤ 50, Price ≤ 50MA, No Breakout"
SBILIFE.NS,1994.0,426291.0,1939.9600036621093,1861.8599975585937,1004940.8,78.45960636355228,2005.0,False,"Volume ≤ Avg, No Breakout"
SJVN.NS,83.0,2859530.0,86.82700004577637,89.75550964355469,2518260.05,23.34385617270827,83.19999694824219,False,"20MA ≤ 50MA, RSI ≤ 50, Price ≤ 50MA, No Breakout"
SKFINDIA.NS,2052.60009765625,8193.0,2131.7950134277344,3639.0540063476565,11105.3,11.192027834800953,2062.300048828125,False,"Volume ≤ Avg, 20MA ≤ 50MA, RSI ≤ 50, Price ≤ 50MA, No Breakout, Low Liquidity"
SRF.NS,2827.300048828125,544308.0,3002.67998046875,2963.2319873046877,441458.25,20.784599038784123,2965.0,False,"RSI ≤ 50, Price ≤ 50MA, No Breakout, Low Liquidity"
SAGILITY.NS,53.2599983215332,1046357996.0,50.05672721862793,46.631891860961915,123981585.1,62.9816482051991,51.599998474121094,True,All Pass
SAILIFE.NS,869.0,321101.0,897.4974975585938,882.2459997558594,366565.45,47.23723053315459,898.0999755859375,False,"Volume ≤ Avg, RSI ≤ 50, Price ≤ 50MA, No Breakout, Low Liquidity"
SAMMAANCAP.NS,175.5500030517578,4102340.0,181.4474998474121,161.53620086669923,18260281.3,27.46381821958036,180.94000244140625,False,"Volume ≤ Avg, RSI ≤ 50, No Breakout"
MOTHERSON.NS,109.30000305175781,57354848.0,105.89699974060059,105.24519973754883,15655516.05,59.05271974135836,111.75,False,No Breakout
SAPPHIRE.NS,243.75,289078.0,278.1899978637695,295.57899963378907,691483.8,25.304000647460327,254.5,False,"Volume ≤ Avg, 20MA ≤ 50MA, RSI ≤ 50, Price ≤ 50MA, No Breakout"
SARDAEN.NS,521.1500244140625,451562.0,534.7524993896484,558.0070043945312,729980.8,42.291765017682486,531.5,False,"Volume ≤ Avg, 20MA ≤ 50MA, RSI ≤ 50, Price ≤ 50MA, No Breakout"
SAREGAMA.NS,403.0,486348.0,435.3203323364258,457.8752801513672,245171.1,25.390542099192615,407.79998779296875,False,"20MA ≤ 50MA, RSI ≤ 50, Price ≤ 50MA, No Breakout, Low Liquidity"
SCHAEFFLER.NS,4093.300048828125,20971.0,4025.42998046875,4047.46,82752.1,58.92857142857143,4187.0,False,"Volume ≤ Avg, 20MA ≤ 50MA, No Breakout, Low Liquidity"
SCHNEIDER.NS,791.2999877929688,81965.0,840.3100067138672,851.2730029296876,158233.05,33.20735155432146,825.8499755859375,False,"Volume ≤ Avg, 20MA ≤ 50MA, RSI ≤ 50, Price ≤ 50MA, No Breakout, Low Liquidity"
SCI.NS,265.3500061035156,3786894.0,256.43300170898436,235.1270001220703,14225619.5,46.322159074158854,274.8999938964844,False,"Volume ≤ Avg, RSI ≤ 50, No Breakout"
SHREECEM.NS,26700.0,7015.0,28152.72841796875,29001.4177734375,24213.9,20.76477107263716,27275.0,False,"Volume ≤ Avg, 20MA ≤ 50MA, RSI ≤ 50, Price ≤ 50MA, No Breakout, Low Liquidity"
SHRIRAMFIN.NS,808.5,3686978.0,759.6384429931641,681.7784313964844,8043968.9,81.25125530911386,826.3499755859375,False,"Volume ≤ Avg, No Breakout"
SHYAMMETL.NS,854.5499877929688,59874.0,888.2324951171875,910.368994140625,203867.45,37.97747919143166,870.0999755859375,False,"Volume ≤ Avg, 20MA ≤ 50MA, RSI ≤ 50, Price ≤ 50MA, No Breakout, Low Liquidity"
ENRIN.NS,3258.199951171875,221875.0,3182.264990234375,3317.8360009765624,368010.45,61.45813840158289,3300.0,False,"Volume ≤ Avg, 20MA ≤ 50MA, Price ≤ 50MA, No Breakout, Low Liquidity"
SIEMENS.NS,3069.0,144418.0,3100.8049926757812,3152.0039990234377,203612.25,37.62592558127168,3124.699951171875,False,"Volume ≤ Avg, 20MA ≤ 50MA, RSI ≤ 50, Price ≤ 50MA, No Breakout, Low Liquidity"
SIGNATURE.NS,1103.4000244140625,268941.0,1078.2550048828125,1079.6819982910156,352763.8,49.2173058776386,1112.0,False,"Volume ≤ Avg, 20MA ≤ 50MA, RSI ≤ 50, No Breakout, Low Liquidity"
SOBHA.NS,1581.0,43380.0,1589.2999938964845,1543.7679956054687,214999.15,55.67541458702302,1633.9000244140625,False,"Volume ≤ Avg, No Breakout, Low Liquidity"
SOLARINDS.NS,13856.0,62331.0,13857.55,13999.28,90781.35,47.175043327556324,14145.0,False,"Volume ≤ Avg, 20MA ≤ 50MA, RSI ≤ 50, Price ≤ 50MA, No Breakout, Low Liquidity"
SONACOMS.NS,481.1000061035156,632494.0,480.7750015258789,450.4370007324219,1918777.3,47.92765560520956,500.79998779296875,False,"Volume ≤ Avg, RSI ≤ 50, No Breakout"
SONATSOFTW.NS,371.5,1837588.0,372.5874984741211,370.5889990234375,988779.0,48.35164016219411,400.5,False,"RSI ≤ 50, No Breakout"
STARHEALTH.NS,522.2000122070312,2367904.0,492.86500091552733,470.35000183105467,753070.2,70.36378009269201,504.8999938964844,True,All Pass
SBIN.NS,959.5499877929688,5912645.0,937.0649963378906,886.5589978027343,10819656.65,75.17097767249938,963.9500122070312,False,"Volume ≤ Avg, No Breakout"
SAIL.NS,141.74000549316406,9999295.0,136.7854995727539,134.26921829223633,26432577.55,71.48046500632,145.89999389648438,False,"Volume ≤ Avg, No Breakout"
SUMICHEM.NS,463.70001220703125,364280.0,499.00000152587893,529.8730010986328,395662.2,14.229239794297754,476.45001220703125,False,"Volume ≤ Avg, 20MA ≤ 50MA, RSI ≤ 50, Price ≤ 50MA, No Breakout, Low Liquidity"
SUNPHARMA.NS,1751.699951171875,825876.0,1701.825,1656.303994140625,1530425.7,67.85493221611912,1747.800048828125,False,Volume ≤ Avg
SUNTV.NS,563.0,109936.0,562.25,560.8219995117188,156573.3,55.01806377804865,568.9500122070312,False,"Volume ≤ Avg, No Breakout, Low Liquidity"
SUNDARMFIN.NS,4729.2001953125,13428.0,4683.480004882813,4570.21400390625,42929.85,53.73878486246497,4825.0,False,"Volume ≤ Avg, No Breakout, Low Liquidity"
SUNDRMFAST.NS,954.0,18345.0,961.7082702636719,990.3010900878907,137631.0,42.681429664573535,967.9000244140625,False,"Volume ≤ Avg, 20MA ≤ 50MA, RSI ≤ 50, Price ≤ 50MA, No Breakout, Low Liquidity"
SUPREMEIND.NS,3709.199951171875,252822.0,3924.8447265625,4160.2626171875,325816.25,32.012091415464965,3915.0,False,"Volume ≤ Avg, 20MA ≤ 50MA, RSI ≤ 50, Price ≤ 50MA, No Breakout, Low Liquidity"
SUZLON.NS,57.400001525878906,26496386.0,56.96950016021729,56.57419998168945,87650519.0,66.48795420997548,58.34000015258789,False,"Volume ≤ Avg, No Breakout"
SWANCORP.NS,455.3999938964844,413231.0,455.64499816894534,456.93328247070315,1768618.2,52.022059731005385,471.79998779296875,False,"Volume ≤ Avg, 20MA ≤ 50MA, Price ≤ 50MA, No Breakout"
SWIGGY.NS,390.45001220703125,4493742.0,410.74750366210935,423.7540014648437,7092938.15,30.291154238237482,397.8999938964844,False,"Volume ≤ Avg, 20MA ≤ 50MA, RSI ≤ 50, Price ≤ 50MA, No Breakout"
SYNGENE.NS,654.3499755859375,343556.0,648.3299957275391,645.055,686676.85,47.480197264731295,673.4000244140625,False,"Volume ≤ Avg, RSI ≤ 50, No Breakout"
SYRMA.NS,894.0999755859375,1197107.0,808.8275024414063,816.7368139648438,3152491.7,80.40199718414212,909.9000244140625,False,"Volume ≤ Avg, 20MA ≤ 50MA, No Breakout"
TBOTEK.NS,1570.0,33977.0,1571.9549926757813,1567.7799877929688,335994.9,46.4448985310656,1612.300048828125,False,"Volume ≤ Avg, RSI ≤ 50, No Breakout, Low Liquidity"
TVSMOTOR.NS,3376.800048828125,893071.0,3523.485009765625,3506.8100048828123,969222.05,16.156433423465018,3475.0,False,"Volume ≤ Avg, RSI ≤ 50, Price ≤ 50MA, No Breakout"
TATACHEM.NS,835.4000244140625,198563.0,881.379995727539,917.8599987792969,387377.9,31.101723862279854,858.5999755859375,False,"Volume ≤ Avg, 20MA ≤ 50MA, RSI ≤ 50, Price ≤ 50MA, No Breakout, Low Liquidity"
TATACOMM.NS,1892.300048828125,214107.0,1890.8200073242188,1755.0760034179686,429556.65,49.35742512126454,1905.199951171875,False,"Volume ≤ Avg, RSI ≤ 50, No Breakout, Low Liquidity"
TCS.NS,3085.0,1313086.0,3040.439978027344,3029.3027294921876,2480286.5,50.01364845053468,3131.89990234375,False,"Volume ≤ Avg, No Breakout"
TATACONSUM.NS,1155.5,1373720.0,1168.7850036621094,1137.7400024414062,1332264.25,45.443026728010906,1168.0,False,"RSI ≤ 50, No Breakout"
TATAELXSI.NS,5251.0,98443.0,5392.75,5456.57,131362.05,27.774086378737536,5422.5,False,"Volume ≤ Avg, 20MA ≤ 50MA, RSI ≤ 50, Price ≤ 50MA, No Breakout, Low Liquidity"
TATAINVEST.NS,775.75,286385.0,805.6925018310546,821.7960009765625,2252920.65,17.609705210618245,804.75,False,"Volume ≤ Avg, 20MA ≤ 50MA, RSI ≤ 50, Price ≤ 50MA, No Breakout"
TATAPOWER.NS,386.54998779296875,4462425.0,398.26999816894534,393.48599731445313,4537840.3,37.24395389067334,392.70001220703125,False,"Volume ≤ Avg, RSI ≤ 50, Price ≤ 50MA, No Breakout"
TATASTEEL.NS,173.7899932861328,27184570.0,178.39299850463868,173.90279876708985,25658326.85,44.93825167052846,184.0,False,"RSI ≤ 50, Price ≤ 50MA, No Breakout"
TATATECH.NS,677.5499877929688,343640.0,688.2550018310546,693.3359985351562,544853.7,43.277752873910096,699.4000244140625,False,"Volume ≤ Avg, 20MA ≤ 50MA, RSI ≤ 50, Price ≤ 50MA, No Breakout"
TTML.NS,54.0,388066.0,54.901000022888184,56.09760025024414,1116080.75,37.072224043351255,54.47999954223633,False,"Volume ≤ Avg, 20MA ≤ 50MA, RSI ≤ 50, Price ≤ 50MA, No Breakout"
TECHM.NS,1426.699951171875,712046.0,1432.0949951171874,1448.1550170898438,1607963.9,40.662160233505986,1463.800048828125,False,"Volume ≤ Avg, 20MA ≤ 50MA, RSI ≤ 50, Price ≤ 50MA, No Breakout"
TECHNOE.NS,1243.0999755859375,95868.0,1306.3649963378907,1361.0645703125,136724.1,30.560995595369974,1255.0,False,"Volume ≤ Avg, 20MA ≤ 50MA, RSI ≤ 50, Price ≤ 50MA, No Breakout, Low Liquidity"
TEJASNET.NS,520.2000122070312,635034.0,536.7100067138672,571.445,1211177.85,40.53628124681106,547.7999877929688,False,"Volume ≤ Avg, 20MA ≤ 50MA, RSI ≤ 50, Price ≤ 50MA, No Breakout"
NIACL.NS,179.85000610351562,507025.0,185.52449951171874,189.80719940185546,314903.65,27.34165240265021,187.4499969482422,False,"20MA ≤ 50MA, RSI ≤ 50, Price ≤ 50MA, No Breakout, Low Liquidity"
RAMCOCEM.NS,980.0,215478.0,1030.6375,1029.9670056152345,264898.55,22.442212978536972,1010.0,False,"Volume ≤ Avg, RSI ≤ 50, Price ≤ 50MA, No Breakout, Low Liquidity"
THERMAX.NS,3008.0,63846.0,3195.9199951171877,3226.58599609375,106676.9,20.580280593275816,3064.699951171875,False,"Volume ≤ Avg, 20MA ≤ 50MA, RSI ≤ 50, Price ≤ 50MA, No Breakout, Low Liquidity"
TIMKEN.NS,3065.300048828125,15075.0,3030.6499755859377,3010.435986328125,56670.65,55.66902752286539,3085.0,False,"Volume ≤ Avg, No Breakout, Low Liquidity"
TITAGARH.NS,860.4500122070312,1272795.0,877.2599975585938,891.181064453125,779901.25,40.23147258936539,878.9500122070312,False,"20MA ≤ 50MA, RSI ≤ 50, Price ≤ 50MA, No Breakout"
TITAN.NS,3804.0,239454.0,3766.779992675781,3615.036005859375,851445.95,59.3097363805591,3867.89990234375,False,"Volume ≤ Avg, No Breakout"
TORNTPHARM.NS,3816.800048828125,459044.0,3644.915002441406,3599.8920068359375,273379.65,71.37317776387769,3856.0,False,"No Breakout, Low Liquidity"
TORNTPOWER.NS,1288.199951171875,286706.0,1308.2899963378907,1278.416005859375,512100.25,44.36975251957021,1307.800048828125,False,"Volume ≤ Avg, RSI ≤ 50, No Breakout"
TARIL.NS,318.20001220703125,4633749.0,417.08499908447266,469.2059991455078,3153921.8,18.363786067192265,306.8999938964844,False,"20MA ≤ 50MA, RSI ≤ 50, Price ≤ 50MA"
TRENT.NS,4360.10009765625,573222.0,4636.35498046875,4820.772001953125,912218.9,24.965761804722163,4402.89990234375,False,"Volume ≤ Avg, 20MA ≤ 50MA, RSI ≤ 50, Price ≤ 50MA, No Breakout"
TRIDENT.NS,28.170000076293945,4024539.0,28.451999950408936,28.64059997558594,4243558.55,44.27479989827475,29.1299991607666,False,"Price ≤ 50, Volume ≤ Avg, 20MA ≤ 50MA, RSI ≤ 50, Price ≤ 50MA, No Breakout"
TRIVENI.NS,363.8500061035156,90798.0,359.0800018310547,354.03700134277346,300382.1,57.091327373123,371.0,False,"Volume ≤ Avg, No Breakout, Low Liquidity"
TRITURBINE.NS,541.4500122070312,163972.0,530.1424987792968,526.7130004882813,424248.0,60.199501125420625,550.9000244140625,False,"Volume ≤ Avg, No Breakout, Low Liquidity"
TIINDIA.NS,3036.0,105785.0,3066.014990234375,3143.35,244647.15,34.07166595227095,3069.800048828125,False,"Volume ≤ Avg, 20MA ≤ 50MA, RSI ≤ 50, Price ≤ 50MA, No Breakout, Low Liquidity"
UCOBANK.NS,30.709999084472656,6334561.0,32.11899995803833,30.993999977111816,12749731.05,36.51592777517217,31.350000381469727,False,"Price ≤ 50, Volume ≤ Avg, RSI ≤ 50, Price ≤ 50MA, No Breakout"
UNOMINDA.NS,1301.199951171875,291746.0,1246.8449951171874,1271.8340014648438,809735.4,70.16351168625778,1334.0,False,"Volume ≤ Avg, 20MA ≤ 50MA, No Breakout"
UPL.NS,757.25,1682758.0,719.0574920654296,697.0149963378906,2630809.55,94.68824840328885,765.5,False,"Volume ≤ Avg, No Breakout"
UTIAMC.NS,1164.0,130260.0,1254.235009765625,1307.6019995117188,191127.65,8.228925104142135,1188.5999755859375,False,"Volume ≤ Avg, 20MA ≤ 50MA, RSI ≤ 50, Price ≤ 50MA, No Breakout, Low Liquidity"
ULTRACEMCO.NS,11800.0,55482.0,11981.05,12193.68,215162.0,39.848914069877246,12016.0,False,"Volume ≤ Avg, 20MA ≤ 50MA, RSI ≤ 50, Price ≤ 50MA, No Breakout, Low Liquidity"
UNIONBANK.NS,151.92999267578125,5558446.0,147.89150009155273,140.7027995300293,15271332.05,61.14484331563145,157.39999389648438,False,"Volume ≤ Avg, No Breakout"
UBL.NS,1805.300048828125,89472.0,1806.1300170898437,1796.7980102539063,147218.0,44.84224217877343,1815.0,False,"Volume ≤ Avg, RSI ≤ 50, No Breakout, Low Liquidity"
UNITDSPR.NS,1427.800048828125,176576.0,1396.25,1354.7499975585938,1200062.5,66.05841224936445,1435.9000244140625,False,"Volume ≤ Avg, No Breakout"
USHAMART.NS,465.0,497757.0,463.8399993896484,444.98,619722.05,54.144149642806866,468.6499938964844,False,"Volume ≤ Avg, No Breakout"
VGUARD.NS,349.79998779296875,90140.0,366.23249969482424,365.82700012207033,334676.15,29.274183704007058,359.25,False,"Volume ≤ Avg, RSI ≤ 50, Price ≤ 50MA, No Breakout, Low Liquidity"
DBREALTY.NS,146.2899932861328,1233130.0,149.12649993896486,159.19520050048828,1219936.4,36.424175482289414,157.1999969482422,False,"20MA ≤ 50MA, RSI ≤ 50, Price ≤ 50MA, No Breakout"
VTL.NS,451.3500061035156,133512.0,435.43249664306643,422.625107421875,969732.0,57.665255246683735,457.0,False,"Volume ≤ Avg, No Breakout"
VBL.NS,458.5,3228099.0,466.58000030517576,461.21300048828124,7718084.65,49.648903120051614,460.3999938964844,False,"Volume ≤ Avg, RSI ≤ 50, Price ≤ 50MA, No Breakout"
MANYAVAR.NS,626.2000122070312,296461.0,658.1500030517578,688.6320043945312,147401.4,20.43903629954268,630.0,False,"20MA ≤ 50MA, RSI ≤ 50, Price ≤ 50MA, No Breakout, Low Liquidity"
VEDL.NS,522.75,4732007.0,504.6274948120117,477.5429986572266,10165978.75,58.357214976763494,535.5,False,"Volume ≤ Avg, No Breakout"
VENTIVE.NS,736.0,81779.0,737.5549987792969,736.7189965820312,78944.9,43.58452265079501,758.0,False,"RSI ≤ 50, Price ≤ 50MA, No Breakout, Low Liquidity"
VIJAYA.NS,1060.0999755859375,112296.0,1011.959994506836,1023.1469995117187,88295.4,74.61350202672435,1054.0,False,"20MA ≤ 50MA, Low Liquidity"
VMM.NS,137.33999633789062,13618088.0,143.8389991760254,147.0150003051758,6500384.75,24.541904365317023,140.85000610351562,False,"20MA ≤ 50MA, RSI ≤ 50, Price ≤ 50MA, No Breakout"
IDEA.NS,10.880000114440918,956574865.0,9.535499906539917,8.742999992370606,389191276.3,60.9638545910805,10.779999732971191,False,Price ≤ 50
VOLTAS.NS,1356.9000244140625,3212551.0,1383.065008544922,1387.7900024414062,1017215.15,36.06155186179864,1345.0,False,"20MA ≤ 50MA, RSI ≤ 50, Price ≤ 50MA"
WAAREEENER.NS,3328.699951171875,227291.0,3426.189111328125,3425.1750390625,1039097.95,19.702722585053053,3405.0,False,"Volume ≤ Avg, RSI ≤ 50, Price ≤ 50MA, No Breakout"
WELCORP.NS,920.5499877929688,210080.0,897.4174957275391,879.2659973144531,1250985.55,60.84970185068388,938.2999877929688,False,"Volume ≤ Avg, No Breakout"
WELSPUNLIV.NS,138.22999572753906,1050076.0,130.13649864196776,124.1325993347168,3575246.6,63.61905712263665,139.0,False,"Volume ≤ Avg, No Breakout"
WHIRLPOOL.NS,1244.9000244140625,65275.0,1347.645001220703,1298.6040014648438,1099864.6,22.04816854934144,1237.5999755859375,False,"Volume ≤ Avg, RSI ≤ 50, Price ≤ 50MA"
WIPRO.NS,242.89999389648438,3934303.0,241.4900001525879,244.99839996337892,9387309.2,47.799544164696435,246.0,False,"Volume ≤ Avg, 20MA ≤ 50MA, RSI ≤ 50, Price ≤ 50MA, No Breakout"
WOCKPHARMA.NS,1348.300048828125,217080.0,1340.0050109863282,1415.712001953125,621207.8,57.88703729306192,1373.4000244140625,False,"Volume ≤ Avg, 20MA ≤ 50MA, Price ≤ 50MA, No Breakout"
YESBANK.NS,22.399999618530273,31907235.0,22.683999824523926,22.027000007629393,90253853.2,42.96578167369047,22.84000015258789,False,"Price ≤ 50, Volume ≤ Avg, RSI ≤ 50, No Breakout"
ZFCVINDIA.NS,12664.0,2698.0,12826.7,13111.9,13793.0,43.18429661941112,12993.0,False,"Volume ≤ Avg, 20MA ≤ 50MA, RSI ≤ 50, Price ≤ 50MA, No Breakout, Low Liquidity"
ZEEL.NS,100.05000305175781,4448181.0,101.98350028991699,109.13799987792969,6691110.45,42.06472484807827,103.19999694824219,False,"Volume ≤ Avg, 20MA ≤ 50MA, RSI ≤ 50, Price ≤ 50MA, No Breakout"
ZENTEC.NS,1441.4000244140625,1466094.0,1380.9000061035156,1437.002001953125,441216.35,67.19700122194172,1456.0,False,"20MA ≤ 50MA, No Breakout, Low Liquidity"
ZENSARTECH.NS,721.5,398166.0,761.7225006103515,779.1159997558593,522430.7,26.151728801276676,743.5499877929688,False,"Volume ≤ Avg, 20MA ≤ 50MA, RSI ≤ 50, Price ≤ 50MA, No Breakout"
ZYDUSLIFE.NS,942.75,413976.0,975.6425079345703,997.1900036621093,747062.35,23.860303093405335,952.5999755859375,False,"Volume ≤ Avg, 20MA ≤ 50MA, RSI ≤ 50, Price ≤ 50MA, No Breakout"
ECLERX.NS,4406.60009765625,32399.0,4515.634948730469,4326.949970703125,234642.8,31.65653981000439,4571.2001953125,False,"Volume ≤ Avg, RSI ≤ 50, No Breakout, Low Liquidity"
